"videoID","textDisplay","textOriginal","authorDisplayName","authorChannelId","publishedAt",,"preprocessed_text","category","sub-category"
"ix8G-OsbAiI","Sir we want full length vedio on  this beautiful poem. JAI HIND JAI SANATAN ğŸ‡®ğŸ‡³ğŸš©","Sir we want full length vedio on  this beautiful poem. JAI HIND JAI SANATAN ğŸ‡®ğŸ‡³ğŸš©","Aditya Dev","UCrb6Ooo682WQvUCIYN3zKUg","2022-09-12T09:37:29Z",,"sir we want full length vedio on this beautiful poem jai hind jai sanatan ","positive",
"ix8G-OsbAiI","Congratulations Manoj Sir and all Hindus in the world","Congratulations Manoj Sir and all Hindus in the world","utkarsh kumar","UCvxa8nFxDIelaF5fhKJaPCA","2022-09-12T09:33:45Z",,"congratulation manoj sir and all hindu in the world ","positive",
"ix8G-OsbAiI","Proud of Vishnu Shankar Jain,<br>Advocate from Hindu side<br><br>He is a pride for entire Jain Community <br>We stand together with our Hindu brothers<br><br>Bharat Mata Ki Jai ğŸ™","Proud of Vishnu Shankar Jain,
Advocate from Hindu side

He is a pride for entire Jain Community 
We stand together with our Hindu brothers

Bharat Mata Ki Jai ğŸ™","AJ","UCBaPcxnKCi_uwzQBXXRZr-A","2022-09-12T17:00:48Z",,"proud of vishnu shankar jain advocate from hindu side he is pride for entire jain community we stand together with our hindu brother bharat mata ki jai ","neutral",
"ix8G-OsbAiI","You are the saviour of Sanatan dharma in modern times. I am very much inspired from you.","You are the saviour of Sanatan dharma in modern times. I am very much inspired from you.","Adityanath","UCJIGvu0KX6JJgE0HQQsIKbQ","2022-09-12T09:39:54Z",,"you are the saviour of sanatan dharma in modern time am very much inspired from you ","positive",
"ix8G-OsbAiI","&quot;One of the best things about dude is that he never takes credit for himself when he achieves something. He always respect us, the Audience, and his team, and he is always polite in all of his videos. We congratulations ourselves this achievement. More to come and everything to come...â¤","""One of the best things about dude is that he never takes credit for himself when he achieves something. He always respect us, the Audience, and his team, and he is always polite in all of his videos. We congratulations ourselves this achievement. More to come and everything to come...â¤","priya","UCrXNhSY0WGoLwQwqBd922Xg","2022-09-12T09:32:21Z",,"one of the best thing about dude is that he never take credit for himself when he achieves something he always respect u the audience and his team and he is always polite in all of his video we congratulation ourselves this achievement more to come and everything to come ","positive",
"ix8G-OsbAiI","ğŸ”¥If you are UNCOMFORTABLE with the TRUTH , thatâ€™s NOT THE TRUTHâ€™S PROBLEM ! HAR HAR MAHADEV!ğŸ•‰ğŸ™","ğŸ”¥If you are UNCOMFORTABLE with the TRUTH , thatâ€™s NOT THE TRUTHâ€™S PROBLEM ! HAR HAR MAHADEV!ğŸ•‰ğŸ™","Shambho Study with me","UCqJSeTMX7ndNSHmBkF0v91g","2022-09-12T13:08:23Z",,"if you are uncomfortable with the truth that not the truth problem har har mahadev ","neutral",
"ix8G-OsbAiI","Amazing!! Wish we all had courage to be vocal like himâ¤ï¸","Amazing!! Wish we all had courage to be vocal like himâ¤ï¸","Tanu Sharma","UCdogfbXMbx7RMlJiDbOmshA","2022-09-13T10:56:51Z",,"amazing wish we all had courage to be vocal like him ","neutral",
"ix8G-OsbAiI","Lots of respect and support to you sir... Thank you so much for inspiration ğŸ˜Š","Lots of respect and support to you sir... Thank you so much for inspiration ğŸ˜Š","Rajani More","UC0qjROUwc7prMj5NwTwjJdg","2022-09-12T17:07:52Z",,"lot of respect and support to you sir thank you so much for inspiration ","positive",
"ix8G-OsbAiI","The way he represent the truth is just amazing ğŸ˜Š","The way he represent the truth is just amazing ğŸ˜Š","Gayatri Ghadai","UCcARww7RhniZPVPDsSGi7_A","2022-09-12T15:21:01Z",,"the way he represent the truth is just amazing ","neutral",
"ix8G-OsbAiI","I think you should make these poetry in English so that you can reach the world. And your voice need to reach the world ...","I think you should make these poetry in English so that you can reach the world. And your voice need to reach the world ...","Shanto","UCO8iHNNF_FnDgnC9UTe6BFg","2022-09-12T11:34:31Z",,"think you should make these poetry in english so that you can reach the world and your voice need to reach the world ","positive",
"ix8G-OsbAiI","We are the ancient civilization, that&#39;s why we have legends of Gods fighting with Demons, while, these abrahmic religions, who are born recently, are fighting with each other and they have Messenger of their Gods, fighting with other contemporary messangers.","We are the ancient civilization, that's why we have legends of Gods fighting with Demons, while, these abrahmic religions, who are born recently, are fighting with each other and they have Messenger of their Gods, fighting with other contemporary messangers.","Avinash Kumar","UC0EMiMhLdSG7WCy4PfHkK0A","2022-09-12T10:13:09Z",,"we are the ancient civilization that why we have legend of god fighting with demon while these abrahmic religion who are born recently are fighting with each other and they have messenger of their god fighting with other contemporary messangers ","negative","criticism"
"ix8G-OsbAiI","<b>Literally in love with this proud son of maa bharati.</b>","*Literally in love with this proud son of maa bharati.*","Ujjwal Lvsdkdm","UCNyfJhldy8MC095rcPjoquA","2022-09-12T14:18:20Z",,"literally in love with this proud son of maa bharati ","positive",
"ix8G-OsbAiI","you are enlightening the truth, respect","you are enlightening the truth, respect","experience life","UCQOCghuVtMB3eTQehYha2jw","2022-09-12T10:23:07Z",,"you are enlightening the truth respect ","positive",
"ix8G-OsbAiI","Great respect to you sir. <br>Jai shree Ram ğŸ™ğŸ»","Great respect to you sir. 
Jai shree Ram ğŸ™ğŸ»","Thakur Khushi Singh","UCt5tlflc7RQiXo8FIYVWrZg","2022-09-12T18:33:10Z",,"great respect to you sir jai shree ram ","positive",
"ix8G-OsbAiI","Har Har Mahadev ğŸ™ Sir Jii I Am Your Huge Fan.....","Har Har Mahadev ğŸ™ Sir Jii I Am Your Huge Fan.....","Aman Sharma","UCmiKGO6Dwlf_rP3y54lbpYw","2022-09-12T09:32:28Z",,"har har mahadev sir jii am your huge fan ","neutral",
"ix8G-OsbAiI","Goosebumps!!","Goosebumps!!","JAIN SAHAB","UCmVAI2mgrEvHrR_dUbFZGmQ","2022-09-12T13:46:43Z",,"goosebump ","neutral",
"ix8G-OsbAiI","Love ur every lines .....ğŸ™ğŸ™ğŸ™","Love ur every lines .....ğŸ™ğŸ™ğŸ™","Shivani Singh","UCrsOIqmkVZEXtrIOveO7m8g","2022-09-12T09:55:39Z",,"love ur every line ","positive",
"ix8G-OsbAiI","Satya Sanatan dharm ki jai ğŸ™ğŸ™<br>Manoj sir aapki iss  Kavita ko mera naman hai. <br>Sir you are truly an inspiration ğŸ™ğŸ™","Satya Sanatan dharm ki jai ğŸ™ğŸ™
Manoj sir aapki iss  Kavita ko mera naman hai. 
Sir you are truly an inspiration ğŸ™ğŸ™","Vartika Khanna","UCNDvWe4_W1n9jBgcCXbgb9g","2022-09-12T21:50:37Z",,"satya sanatan dharm ki jai manoj sir aapki i kavita ko mera naman hai sir you are truly an inspiration ","positive",
"ix8G-OsbAiI","We are proud of u Manoj bhaiya,,we r fortunate to hav u in our generation","We are proud of u Manoj bhaiya,,we r fortunate to hav u in our generation","PM","UC9qzNcSNBKv_xuPPhvph2Fw","2022-09-12T17:18:58Z",,"we are proud of manoj bhaiya we fortunate to hav in our generation ","positive",
"ix8G-OsbAiI","Full support you Sir keep it up<br>Respect from Bengal","Full support you Sir keep it up
Respect from Bengal","NiÂ§hÃ¢","UCYEodFR6VpzKM2gM3dU551Q","2022-09-12T20:37:58Z",,"full support you sir keep it up respect from bengal ","positive",
"14lcq3uxnb8","Get the carbon dating of Shiv Linga/Fountain and if the result predates to ancient years this issue will be sorted. It&#39;s very simple, I don&#39;t understand why courts don&#39;t pass the order regarding carbon dating.","Get the carbon dating of Shiv Linga/Fountain and if the result predates to ancient years this issue will be sorted. It's very simple, I don't understand why courts don't pass the order regarding carbon dating.","Atul Sawant","UCfrhFTlUj4hKupp98oh1ymA","2022-09-13T14:23:25Z",,"get the carbon dating of shiv linga fountain and if the result predates to ancient year this issue will be sorted it very simple don understand why court don pas the order regarding carbon dating ","negative","criticism"
"14lcq3uxnb8","Tajmahal ke niche actually total 10 chamber tha uha par 10 mahavidya ka puja hota tha.","Tajmahal ke niche actually total 10 chamber tha uha par 10 mahavidya ka puja hota tha.","D Bhattacharyya","UCRV8HDdYL8A9D4hEr9IC0ng","2022-09-14T11:43:34Z",,"tajmahal ke niche actually total 10 chamber tha uha par 10 mahavidya ka puja hota tha ","neutral",
"14lcq3uxnb8","Joy shree ram","Joy shree ram","Arjun Chakraborty","UCuPfxrcpmSiF0eEIL5ouabw","2022-09-13T15:49:57Z",,"joy shree ram ","positive",
"14lcq3uxnb8","Jay bhola Nath,Jay shree Ram","Jay bhola Nath,Jay shree Ram","bukulo das","UCJLq41UAjSoMf9nY9iu_jeg","2022-09-13T14:35:25Z",,"jay bhola nath jay shree ram ","positive",
"14lcq3uxnb8","Jai hind jai bharat babar enka bap h to ye tha kya kar rhe h","Jai hind jai bharat babar enka bap h to ye tha kya kar rhe h","Robin kumar","UCHl5yEFEMVaz2-SN61Ho2TQ","2022-09-14T08:55:18Z",,"jai hind jai bharat babar enka bap to ye tha kya kar rhe ","negative","criticism"
"14lcq3uxnb8",7,7,"arun sharma","UCoYpD6ottECDj5a3FKVx7Mw","2022-09-13T12:53:10Z",,,"neutral",
"14lcq3uxnb8","Aditi you should only be a neutral modrater","Aditi you should only be a neutral modrater","Shabeer Hussain","UCa7H7_QtPQ2ugm7Ry57mW4w","2022-09-13T12:17:58Z",,"aditi you should only be neutral modrater ","negative","criticism"
"F6vII3WODEk","Atik Ahmed is right, at least disputes must be enlisted and a line needs to be drawn for ending of such matters.","Atik Ahmed is right, at least disputes must be enlisted and a line needs to be drawn for ending of such matters.","Ashutosh Goantiya","UCOlgXlVfqdczGtjfwZP3wsQ","2022-09-13T17:06:15Z",,"atik ahmed is right at least dispute must be enlisted and line need to be drawn for ending of such matter ","neutral",
"F6vII3WODEk","Truth is always truth....","Truth is always truth....","Shuvo Joy","UCVUdb42_G26STKUdW-3O8YQ","2022-09-13T10:10:03Z",,"truth is always truth ","neutral",
"F6vII3WODEk","Adaalt mein faisla hota hai INSAAF nahi. Time to think for us","Adaalt mein faisla hota hai INSAAF nahi. Time to think for us","piecefool","UC1ljvvV7z2dlB5Eaz6793JQ","2022-09-13T16:02:17Z",,"adaalt mein faisla hota hai insaaf nahi time to think for u ","neutral",
"F6vII3WODEk","I am literally tired of this hindu muslim ego clash. I think high time to wake up countrymen ğŸ™ğŸ‡®ğŸ‡³â¤ï¸","I am literally tired of this hindu muslim ego clash. I think high time to wake up countrymen ğŸ™ğŸ‡®ğŸ‡³â¤ï¸","piecefool","UC1ljvvV7z2dlB5Eaz6793JQ","2022-09-13T16:00:08Z",,"am literally tired of this hindu muslim ego clash think high time to wake up countryman ","negative","criticism"
"F6vII3WODEk","All credit goes to government","All credit goes to government","PrithVi Raj","UCUD1tcP0qr3AnTNqKzYv7gA","2022-09-13T06:44:37Z",,"all credit go to government ","neutral",
"F6vII3WODEk","Ye sahi hai,jb courts terrorist yakub memon ki petition post midnight sun leti hain to fir fair hai judiciary aur jb wahi courts aise verdict deti hain to unko question kr do<br>Bhai agar courts pr bharosa nhi hai to muh utha k jaate kyun ho court mein,<br>They should do out of court settlement but no first they try and show their power and if they lack on evidence and proof in court of law,they start playing victim cards on religion basis,Shameful indeed","Ye sahi hai,jb courts terrorist yakub memon ki petition post midnight sun leti hain to fir fair hai judiciary aur jb wahi courts aise verdict deti hain to unko question kr do
Bhai agar courts pr bharosa nhi hai to muh utha k jaate kyun ho court mein,
They should do out of court settlement but no first they try and show their power and if they lack on evidence and proof in court of law,they start playing victim cards on religion basis,Shameful indeed","nilotpal rai","UCYRqbDQJCeqHuaLzRRz5ELA","2022-09-13T15:42:15Z",,"ye sahi hai jb court terrorist yakub memon ki petition post midnight sun leti hain to fir fair hai judiciary aur jb wahi court aise verdict deti hain to unko question kr do bhai agar court pr bharosa nhi hai to muh utha jaate kyun ho court mein they should do out of court settlement but no first they try and show their power and if they lack on evidence and proof in court of law they start playing victim card on religion basis shameful indeed ","neutral",
"F6vII3WODEk","Giving reservation is correcting historical wrong...so is temple reconstruction...","Giving reservation is correcting historical wrong...so is temple reconstruction...","Sanatan","UCYIEeCRt3mAkOFdLvIMC7Ng","2022-09-13T21:18:01Z",,"giving reservation is correcting historical wrong so is temple reconstruction ","neutral",
"F6vII3WODEk","Atik sahab was right, let&#39;s decide right now, how many mosque and mandir is currently. It should be remain.","Atik sahab was right, let's decide right now, how many mosque and mandir is currently. It should be remain.","Nasim Khan","UC8YObc7Jcj0Oy6GFLJoQFCw","2022-09-14T02:53:41Z",,"atik sahab wa right let decide right now how many mosque and mandir is currently it should be remain ","negative","criticism"
"F6vII3WODEk","according to BBC......to keep the economy of cloth market &amp"," security.....Hindus must stop demanding to get their religious palaces back!ğŸ¤£","according to BBC......to keep the economy of cloth market & security.....Hindus must stop demanding to get their religious palaces back!ğŸ¤£","Somnath Chanda","UCqwrZ6VYQHzwVVxYGykSuYA",,,"negative","criticism"
"F6vII3WODEk","Mujhe lagta hai k ye cheezein court k through sort ho. Koi political interference na ho jab faisla aaye.","Mujhe lagta hai k ye cheezein court k through sort ho. Koi political interference na ho jab faisla aaye.","Sumi","UCdDrEMNdpGIJ7qzCw7BSEvg","2022-09-13T07:32:29Z",,"mujhe lagta hai ye cheezein court through sort ho koi political interference na ho jab faisla aaye ","neutral",
"F6vII3WODEk","Jai shree ram ğŸ™","Jai shree ram ğŸ™","Thakur shaab","UC6_wqAXfD3v_TVDFRflHsnQ","2022-09-13T17:56:40Z",,"jai shree ram ","positive",
"F6vII3WODEk","Injustice was never solve by british ,now BBC is there to focus on,<br>same on you.if you dont include your failure in past.","Injustice was never solve by british ,now BBC is there to focus on,
same on you.if you dont include your failure in past.","Anand Patel","UCv0MNMYT9KQ7XmPZ2827b4A","2022-09-13T14:20:51Z",,"injustice wa never solve by british now bbc is there to focus on same on you if you dont include your failure in past ","negative","criticism"
"F6vII3WODEk","Justice should Not be compromised.","Justice should Not be compromised.","Paresh Patil","UCh3KOT9SM4IHkWA67sWDikg","2022-09-14T06:19:30Z",,"justice should not be compromised ","neutral",
"F6vII3WODEk","we believe in the constitution and our judiciary system ....court is always right ...","we believe in the constitution and our judiciary system ....court is always right ...","Shubh Giri","UCMAp5oAhaRUN6he-4dKPEeg","2022-09-13T09:19:15Z",,"we believe in the constitution and our judiciary system court is always right ","positive",
"F6vII3WODEk","The tone and tenor are clear- One side wants to build bridges the other side wants to break them.","The tone and tenor are clear- One side wants to build bridges the other side wants to break them.","Bluesky","UC7qh19JsWRDCmoScmgp9HHQ","2022-09-13T10:43:57Z",,"the tone and tenor are clear one side want to build bridge the other side want to break them ","negative","criticism"
"F6vII3WODEk","All hindus, at least have the courage to rectify  our own history. Don&#39;t fall to the libral narrative. Otherwise history will repeat itself.","All hindus, at least have the courage to rectify  our own history. Don't fall to the libral narrative. Otherwise history will repeat itself.","J M R","UCsweZRWYtHekrul6I70rbWA","2022-09-14T07:15:39Z",,"all hindu at least have the courage to rectify our own history don fall to the libral narrative otherwise history will repeat itself ","negative","criticism"
"F6vII3WODEk","Pitty on Hindus who are saying <b>Hindu ke paksh me faisla aya hai to sahi hai</b>","Pitty on Hindus who are saying *Hindu ke paksh me faisla aya hai to sahi hai*","Faltu Account","UCYxD4Q2TR8GrFcHVObujlJw","2022-09-14T02:37:35Z",,"pitty on hindu who are saying hindu ke paksh me faisla aya hai to sahi hai ","negative","criticism"
"F6vII3WODEk","Buddhist shrines ko Brahmins/hindus ne illegal encroach Kiya hai, wo Buddhist ko kab wapas milengey?.. Jagannath Puri, Balaji temple of Hyderabad, vitthal temple of Maharashtra etc and many more were initially Buddhist shrines. Brahmins converted them into hindu temples. BBC needs to address this issue as well.","Buddhist shrines ko Brahmins/hindus ne illegal encroach Kiya hai, wo Buddhist ko kab wapas milengey?.. Jagannath Puri, Balaji temple of Hyderabad, vitthal temple of Maharashtra etc and many more were initially Buddhist shrines. Brahmins converted them into hindu temples. BBC needs to address this issue as well.","Vinay","UCb_qWu9a8-i-6tjFNPQ2xzQ","2022-09-14T05:43:54Z",,"buddhist shrine ko brahmin hindu ne illegal encroach kiya hai wo buddhist ko kab wapas milengey jagannath puri balaji temple of hyderabad vitthal temple of maharashtra etc and many more were initially buddhist shrine brahmin converted them into hindu temple bbc need to address this issue a well ","negative","criticism"
"F6vII3WODEk","We need to be optimistic"," minuscule Criminal Irreligious elements bound to fail &amp"," doomed to go to Hell ğŸ‘","We need to be optimistic"," minuscule Criminal Irreligious elements bound to fail & doomed to go to Hell ğŸ‘",,"2022-09-14T00:41:12Z",,
"F6vII3WODEk","JAI JAI SHREE RAM ğŸ™ğŸ™","JAI JAI SHREE RAM ğŸ™ğŸ™","Raj Kumar Singh Chouhan","UCZFZnX86x5b9yShESSXPhhg","2022-09-13T08:54:42Z",,"jai jai shree ram ","positive",
"F6vII3WODEk","Still They all believe in judgement ğŸ’–","Still They all believe in judgement ğŸ’–","Akshansh Kumar","UC-akDpOlSs4uZjR_etycjaQ","2022-09-14T05:47:08Z",,"still they all believe in judgement ","negative","criticism"
"F6vII3WODEk","ğŸ™ğŸ™ğŸ™ğŸ™ğŸ™ğŸ™ğŸ™ğŸ™ğŸ™","ğŸ™ğŸ™ğŸ™ğŸ™ğŸ™ğŸ™ğŸ™ğŸ™ğŸ™","Partha Pratim Chattopadhyay","UC1RZCTtr8LFGr3LScc5UEeg","2022-09-13T15:38:47Z",,,"neutral",
"F6vII3WODEk","congress gifted English laws...will always prevent Hindus from......practicing our sanatani religion in India!","congress gifted English laws...will always prevent Hindus from......practicing our sanatani religion in India!","Somnath Chanda","UCqwrZ6VYQHzwVVxYGykSuYA","2022-09-14T13:33:17Z",,"congress gifted english law will always prevent hindu from practicing our sanatani religion in india ","negative","criticism"
"F6vII3WODEk","Jai sree ram","Jai sree ram","Raj Singh","UCqTA0UrmLARdWjTLOHhCK-Q","2022-09-14T01:56:55Z",,"jai sree ram ","positive",
"F6vII3WODEk","Hindu only wants 2-3 sites which was, is and will important to their religion, and we all know these mosque were built to ashamed hindu. <br>And above all we should respect each other.ğŸ™ğŸ™ğŸ‡®ğŸ‡³ğŸ˜Š","Hindu only wants 2-3 sites which was, is and will important to their religion, and we all know these mosque were built to ashamed hindu. 
And above all we should respect each other.ğŸ™ğŸ™ğŸ‡®ğŸ‡³ğŸ˜Š","Naveen Chaturvedi","UCHep5Xqcf5le6sxbmBaHt2g","2022-09-13T08:50:30Z",,"hindu only want site which wa is and will important to their religion and we all know these mosque were built to ashamed hindu and above all we should respect each other ","negative","criticism"
"F6vII3WODEk","Ok then we respect to judiciary system and their decision ğŸ˜ŒğŸ˜ŒğŸ˜ŒğŸ˜Œ","Ok then we respect to judiciary system and their decision ğŸ˜ŒğŸ˜ŒğŸ˜ŒğŸ˜Œ","Khan Khan","UCiE5fZyz7Hy2Xc2habEX5kQ","2022-09-14T06:37:51Z",,"ok then we respect to judiciary system and their decision ","neutral",
"F6vII3WODEk","CHA CHA JE INSAF NAHE HORAHA HAY BOL RAHE MAGAR DIL PE ALLAH KE KASAM KHAKE BOLOO KE WAHAA MANDER THA YA MASJED THE. AUR MANDER HOGA TO BANNE DOO NA.","CHA CHA JE INSAF NAHE HORAHA HAY BOL RAHE MAGAR DIL PE ALLAH KE KASAM KHAKE BOLOO KE WAHAA MANDER THA YA MASJED THE. AUR MANDER HOGA TO BANNE DOO NA.","Rameshwar Khambat","UCStJc_EaTvoQ7AHGZ6uesGQ","2022-09-14T09:51:07Z",,"cha cha je insaf nahe horaha hay bol rahe magar dil pe allah ke kasam khake boloo ke wahaa mander tha ya masjed the aur mander hoga to banne doo na ","negative","criticism"
"F6vII3WODEk","<a href=""https://www.youtube.com/watch?v=F6vII3WODEk&amp;t=2m03s"">2:03</a> why is he hiding his face ??","2:03 why is he hiding his face ??","Somnath Kubal","UC6ppZbUH8xTHDSjhFN1H4ZA","2022-09-13T10:46:00Z",,"03 why is he hiding his face ","negative","criticism"
"F6vII3WODEk","Insaaf to Hinduon ko chahiye. Mandiron ko Khali Karo.","Insaaf to Hinduon ko chahiye. Mandiron ko Khali Karo.","Awesome Abhijit","UCs_8VBQINuxMAIL0OTWn5vA","2022-09-14T01:30:31Z",,"insaaf to hinduon ko chahiye mandiron ko khali karo ","negative","criticism"
"F6vII3WODEk","BBC should leave journalism and start building masjid everywhere","BBC should leave journalism and start building masjid everywhere","Jinu Cool","UCY57O78tKRzoPu5l53xZwgA","2022-09-14T00:47:40Z",,"bbc should leave journalism and start building masjid everywhere ","negative","criticism"
"F6vII3WODEk","Sir please use converted musalman not musalman ğŸ™ğŸ¿ğŸ™ğŸ¿ğŸ™ğŸ¿ğŸ™ğŸ¿","Sir please use converted musalman not musalman ğŸ™ğŸ¿ğŸ™ğŸ¿ğŸ™ğŸ¿ğŸ™ğŸ¿","Dr Tribhuwan","UCGZixxPp-KeM2G4aCaUbElg","2022-09-14T04:46:57Z",,"sir please use converted musalman not musalman ","negative","criticism"
"F6vII3WODEk","7 Muslim and 5 hindu ye hai bbc ke anushar local person .jo media logo ki baat ko bas rakhe o kya sach ka samna karne ko ready hai.plz project history.","7 Muslim and 5 hindu ye hai bbc ke anushar local person .jo media logo ki baat ko bas rakhe o kya sach ka samna karne ko ready hai.plz project history.","gaurav kumar","UCdzGFxYNTJ7p5momTKregng","2022-09-13T16:10:52Z",,"muslim and hindu ye hai bbc ke anushar local person jo medium logo ki baat ko ba rakhe kya sach ka samna karne ko ready hai plz project history ","negative","criticism"
"rgsajpfdFdc","Whole world is laughing at us how we are judging the things and our judiciary system.","Whole world is laughing at us how we are judging the things and our judiciary system.","Ram Bihary","UCidBtJ63MATS3mF-tG_x7ZA","2022-09-11T18:52:17Z",,"whole world is laughing at u how we are judging the thing and our judiciary system ","negative","criticism"
"rgsajpfdFdc","B4 there was unity and world call Indians but now some politicians make divided and rule just like Britisher... ...","B4 there was unity and world call Indians but now some politicians make divided and rule just like Britisher... ...","Abdul Shamil","UC-OkuTKLG3qWjQz3ZicyeIQ","2022-09-11T18:40:38Z",,"b4 there wa unity and world call indian but now some politician make divided and rule just like britisher ","negative","criticism"
"rgsajpfdFdc","The time is coming.we Muslims are ready for their fate. Allah knows better ğŸ’”","The time is coming.we Muslims are ready for their fate. Allah knows better ğŸ’”","Cox tube","UCzHzVrdzYkz7NaDOcJtrrCA","2022-09-11T16:41:56Z",,"the time is coming we muslim are ready for their fate allah know better ","negative","hate"
"rgsajpfdFdc","Ye Allah kabse sanskrit words use karne laga tha  ? &quot","Gyanvapi&quot"," Aur mujhe nahi pata tha ki muslim rulers itne mahan the jo masjid banwane se pehle pillers pe himdu deities ke inscriptions banwatr the aur masjid mein shivling rakhte the .","Ye Allah kabse sanskrit words use karne laga tha  ? ""Gyanvapi"" Aur mujhe nahi pata tha ki muslim rulers itne mahan the jo masjid banwane se pehle pillers pe himdu deities ke inscriptions banwatr the aur masjid mein shivling rakhte the .","Abhinav Pratap Singh",,"criticism",,
"rgsajpfdFdc","In 1660, for some trifling resistance to the imposition of a capitation tax, Aurangzeb took occasion to demolish the principal Shiwalas, and constructed Masjids or mosques with the same materials and upon the same foundations, leaving portions of the ancient walls exposed here and there, as evidences of the indignity to which the Hindoo religion had been subjected.â€","In 1660, for some trifling resistance to the imposition of a capitation tax, Aurangzeb took occasion to demolish the principal Shiwalas, and constructed Masjids or mosques with the same materials and upon the same foundations, leaving portions of the ancient walls exposed here and there, as evidences of the indignity to which the Hindoo religion had been subjected.â€","Sudhir kumar","UCZHQqag_E7SSnbAiSQXRGfg","2022-09-11T19:46:28Z",,"in 1660 for some trifling resistance to the imposition of capitation tax aurangzeb took occasion to demolish the principal shiwalas and constructed masjid or mosque with the same material and upon the same foundation leaving portion of the ancient wall exposed here and there a evidence of the indignity to which the hindoo religion had been subjected ","negative","hate"
"rgsajpfdFdc","Same process is taking place like in Babri masjid case","Same process is taking place like in Babri masjid case","Fawzan Momin","UCGNG4ZUkuRaY10AuSOL9Tkg","2022-09-11T18:29:36Z",,"same process is taking place like in babri masjid case ","neutral",
"rgsajpfdFdc","While Aurangazeb was passing near Varanasi on his way to Bengal, the Hindu rajas in his retinue requested that they halt for the day, so that their ranis could go to Varnasi, take a dip in the Ganges and pay their homage to Vishwanath.<br><br>Aurangazeb readily agreed and army pickets were posted on the five mile route to Varnasi. The ranis made the journey in palkis. They took their dip in the Ganges and went to the Vishwanath temple to pay homage. After offering puja, all the ranis returned, except one, the Maharani of Kutch. A thorough search was made of the temple precincts, but the Rani was nowhere to be found.. When Aurangazeb came to know about it, he was enraged. He sent his senior officers to search for the Rani.<br><br>Finally, they found that the statue of Ganesh which was fixed in the wall was a movable one. When they moved the statue, they discovered a flight of stairs that led to the basement. To their horror, they found the missing Rani there, dishonored and crying. The basement was just beneath Vishwanathâ€™s seat.<br><br>The rajas expressed their protests vociferously. As the crime was heinous, the rajas demanded exemplary action. Aurangazeb ordered that as the sacred precincts had been despoiled, idol of Vishwanath should be moved elsewhere, the temple be razed to the ground and the mahant be arrested and punished.<br><br>This evidence of history has been confirmed by the erstwhile curator of the Patna museum, Dr. PL Gupta.","While Aurangazeb was passing near Varanasi on his way to Bengal, the Hindu rajas in his retinue requested that they halt for the day, so that their ranis could go to Varnasi, take a dip in the Ganges and pay their homage to Vishwanath.

Aurangazeb readily agreed and army pickets were posted on the five mile route to Varnasi. The ranis made the journey in palkis. They took their dip in the Ganges and went to the Vishwanath temple to pay homage. After offering puja, all the ranis returned, except one, the Maharani of Kutch. A thorough search was made of the temple precincts, but the Rani was nowhere to be found.. When Aurangazeb came to know about it, he was enraged. He sent his senior officers to search for the Rani.

Finally, they found that the statue of Ganesh which was fixed in the wall was a movable one. When they moved the statue, they discovered a flight of stairs that led to the basement. To their horror, they found the missing Rani there, dishonored and crying. The basement was just beneath Vishwanathâ€™s seat.

The rajas expressed their protests vociferously. As the crime was heinous, the rajas demanded exemplary action. Aurangazeb ordered that as the sacred precincts had been despoiled, idol of Vishwanath should be moved elsewhere, the temple be razed to the ground and the mahant be arrested and punished.

This evidence of history has been confirmed by the erstwhile curator of the Patna museum, Dr. PL Gupta.","A Person TONGUE can tell the Taste of their HEART.","UCpFU31Jp-qmJiQlLd1cxXZA","2022-09-11T17:50:05Z",,"while aurangazeb wa passing near varanasi on his way to bengal the hindu raja in his retinue requested that they halt for the day so that their rani could go to varnasi take dip in the ganges and pay their homage to vishwanath aurangazeb readily agreed and army picket were posted on the five mile route to varnasi the rani made the journey in palkis they took their dip in the ganges and went to the vishwanath temple to pay homage after offering puja all the rani returned except one the maharani of kutch thorough search wa made of the temple precinct but the rani wa nowhere to be found when aurangazeb came to know about it he wa enraged he sent his senior officer to search for the rani finally they found that the statue of ganesh which wa fixed in the wall wa movable one when they moved the statue they discovered flight of stair that led to the basement to their horror they found the missing rani there dishonored and cry the basement wa just beneath vishwanath seat the raja expressed their protest vociferously a the crime wa heinous the raja demanded exemplary action aurangazeb ordered that a the sacred precinct had been despoiled idol of vishwanath should be moved elsewhere the temple be razed to the ground and the mahant be arrested and punished this evidence of history ha been confirmed by the erstwhile curator of the patna museum dr pl gupta ","neutral",
"rgsajpfdFdc","As a Muslim Iâ€™m tired of hearing this nonsense every time a mosque has to be removed is a shame as an Indian Muslim, why donâ€™t you all remove all the masjid no matter if there is an idol or not, itâ€™s a shame why canâ€™t we just leave mosque &amp; temple alone &amp; do just praying instead of digging in &amp; saying oh it was first a temp oh it was first a mosque everyone here knows years before when mosques &amp;  temples are built they are built in  a certain way so it was clear they are built in certain shape &amp; form .","As a Muslim Iâ€™m tired of hearing this nonsense every time a mosque has to be removed is a shame as an Indian Muslim, why donâ€™t you all remove all the masjid no matter if there is an idol or not, itâ€™s a shame why canâ€™t we just leave mosque & temple alone & do just praying instead of digging in & saying oh it was first a temp oh it was first a mosque everyone here knows years before when mosques &  temples are built they are built in  a certain way so it was clear they are built in certain shape & form .","Hussaini Baqer","UC9MNKKkYK8Ia8D4LI8VBKwg","2022-09-12T01:50:41Z",,"a muslim tired of hearing this nonsense every time mosque ha to be removed is shame a an indian muslim why don you all remove all the masjid no matter if there is an idol or not it shame why can we just leave mosque temple alone do just praying instead of digging in saying oh it wa first temp oh it wa first mosque everyone here know year before when mosque temple are built they are built in certain way so it wa clear they are built in certain shape form ","negative","hate"
"rgsajpfdFdc","Preperation of general election started. Fair judgement never expected.","Preperation of general election started. Fair judgement never expected.","Mohd Yaseen Khan","UCvdXvUawxz0rBwXtVZorw8A","2022-09-12T12:16:31Z",,"preperation of general election started fair judgement never expected ","negative","criticism"
"rgsajpfdFdc","Unjust blinded court turned court in GO   SHOLA. Waisted of times to approach higher court","Unjust blinded court turned court in GO   SHOLA. Waisted of times to approach higher court","Ainul Hasan","UCBxYtSRUlf1ik2wtoE8k_ng","2022-09-12T06:43:43Z",,"unjust blinded court turned court in go shola waisted of time to approach higher court ","neutral",
"rgsajpfdFdc","It is well planned to creat trouble for ellection These ladies are Delhi and not from Banaras","It is well planned to creat trouble for ellection These ladies are Delhi and not from Banaras","zainuladedin khan","UCWRBXnbTGz38KSESdSlaA5Q","2022-09-13T03:14:48Z",,"it is well planned to creat trouble for ellection these lady are delhi and not from banaras ","neutral",
"rgsajpfdFdc","Court Jeb main cbi Jeb main election commotion Jeb main police Jeb main si what you can expect from them??","Court Jeb main cbi Jeb main election commotion Jeb main police Jeb main si what you can expect from them??","Mohammad VASIM","UCPHorkLdJINgWSMAm17jzjg","2022-09-12T01:46:12Z",,"court jeb main cbi jeb main election commotion jeb main police jeb main si what you can expect from them ","negative","hate"
"rgsajpfdFdc","Agr use tordn ahee tha to pora tord deta <br>Banki men mndir ko chord k 1 chota sa jagh tord k mashjid bana diya<br>Kya bakloli hai yaar","Agr use tordn ahee tha to pora tord deta 
Banki men mndir ko chord k 1 chota sa jagh tord k mashjid bana diya
Kya bakloli hai yaar","MM Nirala","UCf3t7xM5FOFFj7mMvPj7hkA","2022-09-11T16:41:46Z",,"agr use tordn ahee tha to pora tord deta banki men mndir ko chord chota sa jagh tord mashjid bana diya kya bakloli hai yaar ","negative","criticism"
"rgsajpfdFdc","2024 vote chaiya bjp ko but God is great he will take revange","2024 vote chaiya bjp ko but God is great he will take revange","Unique","UCop_i-ghFKvh4nJ6W-ozOEg","2022-09-11T21:39:47Z",,"2024 vote chaiya bjp ko but god is great he will take revange ","negative","criticism"
"rgsajpfdFdc","@ndtv india please share link of that ravish kumar prime video which was on Language controversy like Urdu Persian terms. Please","@ndtv india please share link of that ravish kumar prime video which was on Language controversy like Urdu Persian terms. Please","Gulshan e Urdu","UC1BgDamX3SpJnwLf-vnouDA","2022-09-12T08:26:53Z",,"india please share link of that ravish kumar prime video which wa on language controversy like urdu persian term please ","neutral",
"rgsajpfdFdc","Aurangazeb build mandir temple is like goat eating meat ğŸ¥©","Aurangazeb build mandir temple is like goat eating meat ğŸ¥©","P K","UC6aRvIbM363ReGj5nD0HorA","2022-09-11T16:22:07Z",,"aurangazeb build mandir temple is like goat eating meat ","negative","hate"
"rgsajpfdFdc","1998 tak poori puja hoti thi .<br>Baad m pooja band karwa di gayi tab Mulayam singh ki sarkar thi .","1998 tak poori puja hoti thi .
Baad m pooja band karwa di gayi tab Mulayam singh ki sarkar thi .","RISHABH badhani","UCF7N9XnGIBxuWfuw2EhgmFA","2022-09-11T18:16:13Z",,"1998 tak poori puja hoti thi baad pooja band karwa di gayi tab mulayam singh ki sarkar thi ","neutral",
"rgsajpfdFdc","Obviously Judges who are leaned to RSS wing will give  judgement Muslims of India. One more CJI Ranjan Goggi will be offered with some prime post foregin Embassy of Rajya Sabha.","Obviously Judges who are leaned to RSS wing will give  judgement Muslims of India. One more CJI Ranjan Goggi will be offered with some prime post foregin Embassy of Rajya Sabha.","Rizwan Sardar","UC7rMo_1SGcyd7WVtugJO6Fw","2022-09-11T19:42:09Z",,"obviously judge who are leaned to r wing will give judgement muslim of india one more cji ranjan goggi will be offered with some prime post foregin embassy of rajya sabha ","negative","criticism"
"rgsajpfdFdc","Aurangzeb boot Puja ka Virodhi tha. Vah na to Masjid Mein Shivling ko rakhva sakta tha aur na hi maujuda Shivling ko Masjid Mein chhod  sakta tha","Aurangzeb boot Puja ka Virodhi tha. Vah na to Masjid Mein Shivling ko rakhva sakta tha aur na hi maujuda Shivling ko Masjid Mein chhod  sakta tha","Vinod Kumar","UCxtxqE-YnZs1LgxhOOnWblQ","2022-09-11T17:41:09Z",,"aurangzeb boot puja ka virodhi tha vah na to masjid mein shivling ko rakhva sakta tha aur na hi maujuda shivling ko masjid mein chhod sakta tha ","negative","criticism"
"rgsajpfdFdc","Media&#39","s favourite topic","Media's favourite topic","Mahmood Alam","UCXqGPUgygscX1JeUYbMbxcA",,,"neutral",
"rgsajpfdFdc","Auranjab Mandir tod kar masjid bana ta tha to fir baju mai bhe mandir thi fir usko kyu nahi thoda yea sub galat hai truth is always truth","Auranjab Mandir tod kar masjid bana ta tha to fir baju mai bhe mandir thi fir usko kyu nahi thoda yea sub galat hai truth is always truth","Nawaz Khan","UChBR7z2cGHrKh6K1Lxcn6SQ","2022-09-13T15:07:48Z",,"auranjab mandir tod kar masjid bana ta tha to fir baju mai bhe mandir thi fir usko kyu nahi thoda yea sub galat hai truth is always truth ","negative","criticism"
"rgsajpfdFdc","Finally temple will be rebuilt ğŸ™","Finally temple will be rebuilt ğŸ™","ADH","UCizAAv6_sqSeRAGUXOVGx1A","2022-09-12T04:50:48Z",,"finally temple will be rebuilt ","neutral",
"rgsajpfdFdc","Hindu ke favour main jayga. Yeh sab tho dhikawa hai.","Hindu ke favour main jayga. Yeh sab tho dhikawa hai.","Benjamin Nelson","UCzTIeHQC4BtlMRDLKNxH1bw","2022-09-12T08:54:58Z",,"hindu ke favour main jayga yeh sab tho dhikawa hai ","negative","criticism"
"rgsajpfdFdc","2024 me abhi 1.5 saal h elections me time h ğŸ˜ƒğŸ˜ƒğŸ˜ƒ","2024 me abhi 1.5 saal h elections me time h ğŸ˜ƒğŸ˜ƒğŸ˜ƒ","KASHIF","UCRR6QNmRlzxt5QiikEJcQHA","2022-09-11T17:46:42Z",,"2024 me abhi saal election me time ","neutral",
"rgsajpfdFdc","Babri  chalo ho sakta thha, ke pehle mandir baad m babri, ab phir mandir","Babri  chalo ho sakta thha, ke pehle mandir baad m babri, ab phir mandir","Nk news","UCZDVokfQcoJeI_urz3eAtkA","2022-09-12T03:19:06Z",,"babri chalo ho sakta thha ke pehle mandir baad babri ab phir mandir ","negative","criticism"
"rgsajpfdFdc","Bus yahe bacha hai India me.<br>Inflation, unemployment, GDP aache din, women safety ye sare to falte ke issue hai.","Bus yahe bacha hai India me.
Inflation, unemployment, GDP aache din, women safety ye sare to falte ke issue hai.","Adeeb Ansari","UCf9ZwUeN-xQ60mLjxsjRGEQ","2022-09-11T17:33:12Z",,"bus yahe bacha hai india me inflation unemployment gdp aache din woman safety ye sare to falte ke issue hai ","negative","hate"
"rgsajpfdFdc","Ye sab ko faltu bate to mobi midiya me chalta tha ab bakwas bato ka bashah ndtb hogya hai Keya bat hai","Ye sab ko faltu bate to mobi midiya me chalta tha ab bakwas bato ka bashah ndtb hogya hai Keya bat hai","monika britis","UCVQaea2hDoUD3AQe9rCg03w","2022-09-11T16:52:41Z",,"ye sab ko faltu bate to mobi midiya me chalta tha ab bakwas bato ka bashah ndtb hogya hai keya bat hai ","negative","hate"
"rgsajpfdFdc","Her masjid me fawara hy to her masjid Mandir hy","Her masjid me fawara hy to her masjid Mandir hy","Juned Suppoter","UC3ytS6GhDNgB-NB8Y3KUIjw","2022-09-11T21:45:52Z",,"her masjid me fawara hy to her masjid mandir hy ","neutral",
"rgsajpfdFdc","Election is decide people. <br>Modi not come in this picture.","Election is decide people. 
Modi not come in this picture.","THOMAS C","UCkQa8lgp8iLk8-k3tDK2G1Q","2022-09-12T08:27:16Z",,"election is decide people modi not come in this picture ","neutral",
"rgsajpfdFdc","Symbol of islamic colonisation in BHARAT.","Symbol of islamic colonisation in BHARAT.","debashish das","UCLfU29EQysTJFC-uiTMjnBA","2022-09-12T09:04:23Z",,"symbol of islamic colonisation in bharat ","negative","criticism"
"rgsajpfdFdc","Itney devi devtaon ko poojne ke baad bhee,  mun  ko shanti nhi mili. Kyaa paya Hindu muslim karke rote  aae the or rote hi jaoge .","Itney devi devtaon ko poojne ke baad bhee,  mun  ko shanti nhi mili. Kyaa paya Hindu muslim karke rote  aae the or rote hi jaoge .","Ranjeet Johar","UCFdXK-j088XpHRM8cJ0Wa3Q","2022-09-12T19:06:03Z",,"itney devi devtaon ko poojne ke baad bhee mun ko shanti nhi mili kyaa paya hindu muslim karke rote aae the or rote hi jaoge ","positive",
"rgsajpfdFdc","2021 m kuch nhi hua","2021 m kuch nhi hua","Suhel Khan","UC4UobuPMVZSIToDBUrXS3Ng","2022-09-11T16:51:03Z",,"2021 kuch nhi hua ","negative","criticism"
"rgsajpfdFdc","Court to bik chuka hai","Court to bik chuka hai","babar Hussain","UC-p4SBQ08oPmqFxxDjejIIw","2022-09-12T02:03:09Z",,"court to bik chuka hai ","negative","criticism"
"rgsajpfdFdc","Mandir ko kitna  ki ragrup badal  ke majit  ka rup do or mandir hai or rahega","Mandir ko kitna  ki ragrup badal  ke majit  ka rup do or mandir hai or rahega","Bajatey Raho","UC_2CinFi2Csr3M1gc_RLBRw","2022-09-12T15:23:42Z",,"mandir ko kitna ki ragrup badal ke majit ka rup do or mandir hai or rahega ","negative","criticism"
"rgsajpfdFdc","Her masjid me bagwan dhund rahe hy","Her masjid me bagwan dhund rahe hy","Juned Suppoter","UC3ytS6GhDNgB-NB8Y3KUIjw","2022-09-11T21:42:31Z",,"her masjid me bagwan dhund rahe hy ","neutral",
"H4AkiCPdh8I","I Respect everyone who were involved in this Seriously the best piece that l ve even seen on Youthe HATS OFF TO WELL ALL LOVE YOUR VIDEOS ğŸ‘„ğŸ‘„ğŸ‘„ğŸ‘„ğŸ‘„","I Respect everyone who were involved in this Seriously the best piece that l ve even seen on Youthe HATS OFF TO WELL ALL LOVE YOUR VIDEOS ğŸ‘„ğŸ‘„ğŸ‘„ğŸ‘„ğŸ‘„","Manpreet Kaur","UCIHQ5pXLFmBj6UWPMgF-zRw","2022-09-12T12:10:11Z",,"respect everyone who were involved in this seriously the best piece that ve even seen on youthe hat off to well all love your video ","positive",
"H4AkiCPdh8I","RECORDED HISTORICAL FACTS: 1st destroyed by Aibak in 12th century. James princep&#39;s book &quot; Banaras illustrated&quot; describes Vishweshwar temple demolished n convert to mosque by Aurangzeb in 1669. Saqi Mustaq Khan in &quot;Masir Alamgiri&quot; book : Aurangabad ordered his governer ABUL HASSAN to break it n build a Mosque. Till 1993, Sringaar Gori n Shiva were worshipped here, then closed by then govt. Nandi of kashi Vishwanath is facing it. Jai sai Deepak has challenged the &quot; Places of worship act, 1991 &quot; that makes a stay on status for every place of worship as on independence, 1947. Exception: areas of conflict ( it is conflicted ), Babri mazid etc. <br><br>ANY LAW THAT DENIES JUSTICE NEEDS TO BE REPEALED, LET IT OPEN THE PANDORA BOX ..  DEEDS OF HISTORY SHOULD BE CORRECTED. LET THE NATION KW WHAT KIND OF PERSECUTION / TORTURE EXISTED IN INDIA FOR HINDUS","RECORDED HISTORICAL FACTS: 1st destroyed by Aibak in 12th century. James princep's book "" Banaras illustrated"" describes Vishweshwar temple demolished n convert to mosque by Aurangzeb in 1669. Saqi Mustaq Khan in ""Masir Alamgiri"" book : Aurangabad ordered his governer ABUL HASSAN to break it n build a Mosque. Till 1993, Sringaar Gori n Shiva were worshipped here, then closed by then govt. Nandi of kashi Vishwanath is facing it. Jai sai Deepak has challenged the "" Places of worship act, 1991 "" that makes a stay on status for every place of worship as on independence, 1947. Exception: areas of conflict ( it is conflicted ), Babri mazid etc. 

ANY LAW THAT DENIES JUSTICE NEEDS TO BE REPEALED, LET IT OPEN THE PANDORA BOX ..  DEEDS OF HISTORY SHOULD BE CORRECTED. LET THE NATION KW WHAT KIND OF PERSECUTION / TORTURE EXISTED IN INDIA FOR HINDUS","Shubham Verma","UCZqyqDLC5jMZHLpcxfyRY-A","2022-09-12T13:07:45Z",,"recorded historical fact 1st destroyed by aibak in 12th century james princep book banaras illustrated describes vishweshwar temple demolished convert to mosque by aurangzeb in 1669 saqi mustaq khan in masir alamgiri book aurangabad ordered his governer abul hassan to break it build mosque till 1993 sringaar gori shiva were worshipped here then closed by then govt nandi of kashi vishwanath is facing it jai sai deepak ha challenged the place of worship act 1991 that make stay on status for every place of worship a on independence 1947 exception area of conflict it is conflicted babri mazid etc any law that denies justice need to be repealed let it open the pandora box deed of history should be corrected let the nation kw what kind of persecution torture existed in india for hindu ","neutral",
"H4AkiCPdh8I","HAR HAR MAHADEV, KASHI KA HAR KANKAR, BOLE BOM BOM SHANKAR","HAR HAR MAHADEV, KASHI KA HAR KANKAR, BOLE BOM BOM SHANKAR","Suranjana Banerjee","UCQ4KLN-sARbh9GkAz78bQMA","2022-09-12T12:26:23Z",,"har har mahadev kashi ka har kankar bole bom bom shankar ","neutral",
"H4AkiCPdh8I","Jai shree Ram","Jai shree Ram","amit bj","UCCkpV85Da8i3B694hzoGs9Q","2022-09-12T13:46:52Z",,"jai shree ram ","positive",
"H4AkiCPdh8I","Joy Sri ram","Joy Sri ram","Purnima Das","UC-7gY0vY_wEiqYmYR8nCDDg","2022-09-12T13:32:43Z",,"joy sri ram ","positive",
"H4AkiCPdh8I","Jai mahakal","Jai mahakal","Dhanji Verma","UCCGa9pv2TFMAsj8cri-i1ow","2022-09-12T12:07:32Z",,"jai mahakal ","positive",
"H4AkiCPdh8I","Har Har Medvedev","Har Har Medvedev","Abdesh","UC90uRXu2UBjEuExyAt1huow","2022-09-12T12:05:18Z",,"har har medvedev ","positive",
"H4AkiCPdh8I","Har Har MahadevğŸ™ğŸ™ğŸ™","Har Har MahadevğŸ™ğŸ™ğŸ™","Kanak Kanti Debnath","UCIxpNgXmg8f9KxQmJvcXkqw","2022-09-12T12:32:14Z",,"har har mahadev ","positive",
"H4AkiCPdh8I","Jai shree Ram","Jai shree Ram","Dhanji Verma","UCCGa9pv2TFMAsj8cri-i1ow","2022-09-12T12:07:40Z",,"jai shree ram ","positive",
"H4AkiCPdh8I","Good","Good","Rattan Lal","UCtLJi3exnHeH_D2AbNYOT0A","2022-09-12T12:21:55Z",,"good ","positive",
"H4AkiCPdh8I","Jai shiv shankar","Jai shiv shankar","Gandharb Singh","UCi_FxIJTCO_ucGhkq33-9QQ","2022-09-12T14:16:36Z",,"jai shiv shankar ","positive",
"H4AkiCPdh8I","A to hona tha Hindu to hindu ko support karaga muslim ko thodi support karaga..","A to hona tha Hindu to hindu ko support karaga muslim ko thodi support karaga..","The joker","UCJ-4tIG1Jf9lTF8x84toQFw","2022-09-12T12:12:03Z",,"to hona tha hindu to hindu ko support karaga muslim ko thodi support karaga ","negative","criticism"
"H4AkiCPdh8I","Jaai hoi","Jaai hoi","Vishal Khatana","UCqqleLJdcwwy2FpCxpF9xvw","2022-09-13T12:33:58Z",,"jaai hoi ","positive",
"H4AkiCPdh8I","India mandir masjid Hindu Muslim me hi piche rah jaiga.","India mandir masjid Hindu Muslim me hi piche rah jaiga.","Sabena Francis","UCQzobCsJbM0lKqlhC-iwrZQ","2022-09-12T12:23:33Z",,"india mandir masjid hindu muslim me hi piche rah jaiga ","negative","criticism"
"CGtvN2dn6Hg","No earlier leadership had different interests. Presently everything is clear and knows what is  need of Nation.","No earlier leadership had different interests. Presently everything is clear and knows what is  need of Nation.","Aniket Tripathi","UCVFcM_G6KFkUxakkKtfW02Q","2022-09-13T13:22:32Z",,"no earlier leadership had different interest presently everything is clear and know what is need of nation ","neutral",
"CGtvN2dn6Hg","Mind Begs the Question:<br>If under a PM/Govt<br>Judges removed,murdered<br>If Judgment is not Favorable<br>Judiciary - not Pressured,Pressured?","Mind Begs the Question:
If under a PM/Govt
Judges removed,murdered
If Judgment is not Favorable
Judiciary - not Pressured,Pressured?","Human Beings R Thinking Beings","UC4y5dUBufolz9tPtGaYUCHw","2022-09-12T18:04:34Z",,"mind begs the question if under pm govt judge removed murdered if judgment is not favorable judiciary not pressured pressured ","negative","criticism"
"CGtvN2dn6Hg","Mind Begs the Question:<br>If judicially established<br>An Organisation neferiously put statues<br>Inside another Religions place of worship<br>To falsely accuse them<br>Reliable on any Religious Property Claim?","Mind Begs the Question:
If judicially established
An Organisation neferiously put statues
Inside another Religions place of worship
To falsely accuse them
Reliable on any Religious Property Claim?","Human Beings R Thinking Beings","UC4y5dUBufolz9tPtGaYUCHw","2022-09-12T18:08:25Z",,"mind begs the question if judicially established an organisation neferiously put statue inside another religion place of worship to falsely accuse them reliable on any religious property claim ","negative",
"CGtvN2dn6Hg","Good news black ğŸ–¤ and white ğŸ¤ Sudhir Chaudhary ji ğŸ™ğŸ’<br>Har har Mahadev","Good news black ğŸ–¤ and white ğŸ¤ Sudhir Chaudhary ji ğŸ™ğŸ’
Har har Mahadev","shahganj vlog","UCmsm6S1YtsM-1u_AkdL0kRg","2022-09-12T20:15:39Z",,"good news black and white sudhir chaudhary ji har har mahadev ","neutral",
"CGtvN2dn6Hg","ğŸ™JAY SHREE RAMğŸ™","ğŸ™JAY SHREE RAMğŸ™","Rohan Kumar","UCdaiwaWdId2phapKKT9bU4w","2022-09-13T07:37:03Z",,"jay shree ram ","positive",
"CGtvN2dn6Hg","Jai shree ram ğŸ™","Jai shree ram ğŸ™","Thakur shaab","UC6_wqAXfD3v_TVDFRflHsnQ","2022-09-13T18:09:54Z",,"jai shree ram ","positive",
"CGtvN2dn6Hg","AAP ğŸ™ğŸ™ğŸ™ğŸ™ğŸ™ğŸ™","AAP ğŸ™ğŸ™ğŸ™ğŸ™ğŸ™ğŸ™","maulik patel","UCvp3h_gKevhCtRcPzdjMI1Q","2022-09-12T17:24:13Z",,"aap ","neutral",
"CGtvN2dn6Hg","Sm.cort se pihly hee news waly bandy bas q.mark lgaty? Baki cort bad me fisla dyga Hindu mla pihly force q nhi diya faisla to danga krwayngy","Sm.cort se pihly hee news waly bandy bas q.mark lgaty? Baki cort bad me fisla dyga Hindu mla pihly force q nhi diya faisla to danga krwayngy","True...","UCaHZV1NC_PYH5wYjDKOQcFw","2022-09-13T22:56:46Z",,"sm cort se pihly hee news waly bandy ba mark lgaty baki cort bad me fisla dyga hindu mla pihly force nhi diya faisla to danga krwayngy ","negative","criticism"
"CGtvN2dn6Hg","Har Har Mahadev","Har Har Mahadev","Sunil Kumar","UCUL7y8cf0FzvxvY8DJH220Q","2022-09-12T23:34:47Z",,"har har mahadev ","positive",
"CGtvN2dn6Hg","My vote for Yogi ji only not bjp..","My vote for Yogi ji only not bjp..","anil thakur","UCjpFw1Q9NGyhscJj85qDnHA","2022-09-12T19:45:56Z",,"my vote for yogi ji only not bjp ","negative","criticism"
"CGtvN2dn6Hg","Jai Ho Godi..","Jai Ho Godi..","sunil yadav","UCqZc8xLJQ6gQZiXawg7-itw","2022-09-13T08:19:40Z",,"jai ho godi ","positive",
"CGtvN2dn6Hg","Good","Good","Sudama Jayswal","UCSGT4qC1Ev6xx1um8TNeA4w","2022-09-13T04:56:23Z",,"good ","positive",
"CGtvN2dn6Hg","Tughe bahot pta hai","Tughe bahot pta hai","Ashfaq Ali","UCfWou0qLoDmd_htVphUD16w","2022-09-13T02:44:54Z",,"tughe bahot pta hai ","negative","criticism"
"CGtvN2dn6Hg","Warships act end","Warships act end","Top 10 in the world","UCz0Obt1IQ4K-v8qoIsswdJQ","2022-09-13T01:49:42Z",,"warship act end ","negative","criticism"
"q089dTzsJyA","Study IQ&#39;s UPSC IAS (Pre + Mains) LIVE Foundation Evening Batch : <a href=""https://bit.ly/upsclivebatch"">https://bit.ly/upsclivebatch</a><br>Batch Starting on 14 September . <br>Live class Everyday at 6 PM. <br>Enroll Now!!<br><a href=""https://bit.ly/upsclivebatch"">https://bit.ly/upsclivebatch</a>","Study IQ's UPSC IAS (Pre + Mains) LIVE Foundation Evening Batch : https://bit.ly/upsclivebatch
Batch Starting on 14 September . 
Live class Everyday at 6 PM. 
Enroll Now!!
https://bit.ly/upsclivebatch","StudyIQ IAS","UCrC8mOqJQpoB7NuIMKIS6rQ","2022-09-12T11:03:31Z",,"study iq upsc ia pre main live foundation evening batch URL starting on 14 september live class everyday at pm enroll now URL ","neutral",
"q089dTzsJyA","One month ago I visited Kashi Vishwanath. Trust me I was feeling so sad after I saw nandi bhagwan facing Gyanvapi and we can&#39","t worship there our beloved Mahadev. I really really really hope that the judgment come our ASAP . NOT LIKE RAM JANMBHOOMI where we have to wait several decades.....","One month ago I visited Kashi Vishwanath. Trust me I was feeling so sad after I saw nandi bhagwan facing Gyanvapi and we can't worship there our beloved Mahadev. I really really really hope that the judgment come our ASAP . NOT LIKE RAM JANMBHOOMI where we have to wait several decades.....","Naincy Singh","UCkNU-30xNwwLSu3zRlP1Z9Q",,,"negative","criticism"
"q089dTzsJyA","As a Muslim, I demand a survey from ASI... If there is really a SHIVLING inside it, then Muslims should happily offer this place to the Hindu Community. Because Aurangzeb&#39;s wrongdoings in the past century will never be right ever... <br><br>If nothing is found the Hindu community should happily offer this to Muslims without any further case/petition.","As a Muslim, I demand a survey from ASI... If there is really a SHIVLING inside it, then Muslims should happily offer this place to the Hindu Community. Because Aurangzeb's wrongdoings in the past century will never be right ever... 

If nothing is found the Hindu community should happily offer this to Muslims without any further case/petition.","Imran Hoque","UCTBkwjoP50Mfva4dBEJFWGA","2022-09-13T06:03:09Z",,"a muslim demand survey from asi if there is really shivling inside it then muslim should happily offer this place to the hindu community because aurangzeb wrongdoing in the past century will never be right ever if nothing is found the hindu community should happily offer this to muslim without any further case petition ","negative","criticism"
"q089dTzsJyA","Were mosques destroyed in India during the Islamic rule ? No. Were churches destroyed during the British Raj? No. Were tens of thousands of temples and gurudwara&#39","s destroyed ? Yes. Then how can an act in 1991 stop us from rectifying this grave injustice. Parliament was wrong here. It was nothing but an appeasing tool. Sooner or later this judgement was bound to come ğŸ¤","Were mosques destroyed in India during the Islamic rule ? No. Were churches destroyed during the British Raj? No. Were tens of thousands of temples and gurudwara's destroyed ? Yes. Then how can an act in 1991 stop us from rectifying this grave injustice. Parliament was wrong here. It was nothing but an appeasing tool. Sooner or later this judgement was bound to come ğŸ¤","Kishan Agrawal","UCexRNBAS2no0w2J9yaZlIJA",,,"negative","criticism"
"q089dTzsJyA","Even if you try to break the word;Gyanvapi,that speaks a lot!","Even if you try to break the word;Gyanvapi,that speaks a lot!","A S","UCRDriOYyFM2Y6E6G-hju61A","2022-09-12T16:03:34Z",,"even if you try to break the word gyanvapi that speaks lot ","negative","criticism"
"q089dTzsJyA","Thanks to Advocate Vishnu shankar jain ji, (adv. from Hindu side) for your tremendous work. â¤","Thanks to Advocate Vishnu shankar jain ji, (adv. from Hindu side) for your tremendous work. â¤","Rajat sen","UCKCPG7igo-sPJZ-7_1QsOog","2022-09-12T11:34:29Z",,"thanks to advocate vishnu shankar jain ji adv from hindu side for your tremendous work ","negative","criticism"
"q089dTzsJyA","1st destroyed by Aibak in 12th century. James princep&#39;s book &quot; Banaras illustrated&quot; describes Vishweshwar temple demolished n convert to mosque by Aurangzeb in 1669. Sakib Khan too agrees in &quot;Yasir Alamgiri&quot; book. His governer ABUL HASSAN broke it. Till 1993, Sringaar Gori n Shiva were worshipped here, then closed by then govt. Nandi of kashi Vishwanath is facing it. Jai sai Deepak has challenged the &quot; Places of worship act, 1991 &quot; that makes a stay on status for every place of worship as on independence, 1947. Exception: areas of conflict ( it is conflicted ), Babri mazid etc. <br><br>ANY LAW THAT DENIES JUSTICE NEEDS TO BE REPEALED, LET IT OPEN THE PANDORA BOX ..  DEEDS OF HISTORY SHOULD BE CORRECTED. LET THE NATION KW WHAT KIND OF PERSECUTION / TORTURE EXISTED IN INDIA FOR HINDUS","1st destroyed by Aibak in 12th century. James princep's book "" Banaras illustrated"" describes Vishweshwar temple demolished n convert to mosque by Aurangzeb in 1669. Sakib Khan too agrees in ""Yasir Alamgiri"" book. His governer ABUL HASSAN broke it. Till 1993, Sringaar Gori n Shiva were worshipped here, then closed by then govt. Nandi of kashi Vishwanath is facing it. Jai sai Deepak has challenged the "" Places of worship act, 1991 "" that makes a stay on status for every place of worship as on independence, 1947. Exception: areas of conflict ( it is conflicted ), Babri mazid etc. 

ANY LAW THAT DENIES JUSTICE NEEDS TO BE REPEALED, LET IT OPEN THE PANDORA BOX ..  DEEDS OF HISTORY SHOULD BE CORRECTED. LET THE NATION KW WHAT KIND OF PERSECUTION / TORTURE EXISTED IN INDIA FOR HINDUS","Shubham Verma","UCZqyqDLC5jMZHLpcxfyRY-A","2022-09-12T11:35:11Z",,"1st destroyed by aibak in 12th century james princep book banaras illustrated describes vishweshwar temple demolished convert to mosque by aurangzeb in 1669 sakib khan too agrees in yasir alamgiri book his governer abul hassan broke it till 1993 sringaar gori shiva were worshipped here then closed by then govt nandi of kashi vishwanath is facing it jai sai deepak ha challenged the place of worship act 1991 that make stay on status for every place of worship a on independence 1947 exception area of conflict it is conflicted babri mazid etc any law that denies justice need to be repealed let it open the pandora box deed of history should be corrected let the nation kw what kind of persecution torture existed in india for hindu ","negative","criticism"
"q089dTzsJyA","In 1978 From 44th Ammendment to the Constitution,Right to Property was removed in the government of Morarji Desai and Converted it into a legal right right under Article 300 A.","In 1978 From 44th Ammendment to the Constitution,Right to Property was removed in the government of Morarji Desai and Converted it into a legal right right under Article 300 A.","YOGA'S LOVER","UC2DM3Rblnop1wdUhnR8S3iA","2022-09-12T14:00:40Z",,"in 1978 from 44th ammendment to the constitution right to property wa removed in the government of morarji desai and converted it into legal right right under article 300 ","negative","criticism"
"q089dTzsJyA","Great decision by the Court and my thanks to advocate Bishnu Jain and his team ğŸ‘ğŸ‘ğŸ™","Great decision by the Court and my thanks to advocate Bishnu Jain and his team ğŸ‘ğŸ‘ğŸ™","Ramesh Chandra Kar","UCMgDCM5gZLkj-QECq3hODPA","2022-09-12T14:33:18Z",,"great decision by the court and my thanks to advocate bishnu jain and his team ","neutral",
"q089dTzsJyA","Hats off to The Jaipur Dialogue","Hats off to The Jaipur Dialogue","Tech Tan","UCqZPUJHeyUGuBTCS89xWjsw","2022-09-12T11:22:55Z",,"hat off to the jaipur dialogue ","negative","criticism"
"q089dTzsJyA","ideally 3 temples were excluded from places of worksh8p act , as these 3 cases are older than 100 years .","ideally 3 temples were excluded from places of worksh8p act , as these 3 cases are older than 100 years .","Rajat Gupta","UCMwPTUQl9NTlkHprWhnAhZw","2022-09-13T05:00:20Z",,"ideally temple were excluded from place of worksh8p act a these case are older than 100 year ","negative","criticism"
"q089dTzsJyA","India&#39;s existance not limited to 1947, the 1991 act was total BS.","India's existance not limited to 1947, the 1991 act was total BS.","Ishant","UCvPHMiUiZSYS-2mpR5xN4hg","2022-09-12T12:48:35Z",,"india existance not limited to 1947 the 1991 act wa total b ","negative","criticism"
"q089dTzsJyA","Places of worship act is to contain short term religious violence and not to deny hindu rights.Anyway the act has been passed in parliament and it can be   taken back.","Places of worship act is to contain short term religious violence and not to deny hindu rights.Anyway the act has been passed in parliament and it can be   taken back.","M Tejas","UCibS4AWYh4oqORg0Xqkutlg","2022-09-12T15:20:15Z",,"place of worship act is to contain short term religious violence and not to deny hindu right anyway the act ha been passed in parliament and it can be taken back ","negative","criticism"
"q089dTzsJyA","Thanks sir for all updates ğŸ˜Š","Thanks sir for all updates ğŸ˜Š","Ak Pandey","UCK8LTzt-WbbjQEMHkO9Ecdw","2022-09-12T15:01:55Z",,"thanks sir for all update ","positive",
"q089dTzsJyA","All law and systems needs to be  favourable  to nation and  not Upeasement  for divisions","All law and systems needs to be  favourable  to nation and  not Upeasement  for divisions","Aniket Tripathi","UCVFcM_G6KFkUxakkKtfW02Q","2022-09-13T01:55:37Z",,"all law and system need to be favourable to nation and not upeasement for division ","negative","criticism"
"q089dTzsJyA","Dear sir please explain waqf act 1995 .","Dear sir please explain waqf act 1995 .","Rahul Prasad","UC5F2pU9a4d5t25_DJbIdJrQ","2022-09-12T12:12:04Z",,"dear sir please explain waqf act 1995 ","positive",
"q089dTzsJyA","option c morarji Desai is right answer","option c morarji Desai is right answer","Abhimanyu Sharma","UCyfQ2Q08YVKasuExTAToMxA","2022-09-12T11:46:35Z",,"option morarji desai is right answer ","positive",
"q089dTzsJyA","Right to property was abolished by 44th constitutional amendment in 1978 by Morarji Desai government.","Right to property was abolished by 44th constitutional amendment in 1978 by Morarji Desai government.","JOSHI CHIRAG","UCH7RbBAyZsUAkS9ScO8K6bg","2022-09-14T03:56:13Z",,"right to property wa abolished by 44th constitutional amendment in 1978 by morarji desai government ","neutral",
"q089dTzsJyA","May those women have a peaceful life","May those women have a peaceful life","Sumit Saini","UC6-h0W242amD1B5cVaiRgpg","2022-09-13T02:37:27Z",,"may those woman have peaceful life ","neutral",
"q089dTzsJyA","Right to property was removed during the Regime of Indira Gandhi in 1976 through 44th Constitutional Amendment","Right to property was removed during the Regime of Indira Gandhi in 1976 through 44th Constitutional Amendment","Djxjnxndmfkv zkcnvjvskdjf","UCPj4I0ZYORLZVOjG0VBdKkg","2022-09-12T11:56:34Z",,"right to property wa removed during the regime of indira gandhi in 1976 through 44th constitutional amendment ","neutral",
"q089dTzsJyA","Morarji desai ....<br>44th Constitutional amendment act 1978<br>It was made a legal right under articla 300a of the indian constitution..","Morarji desai ....
44th Constitutional amendment act 1978
It was made a legal right under articla 300a of the indian constitution..","Shashi prakash Singh","UCtP38hsEjMkzsmy6jyW1-9A","2022-09-12T12:28:14Z",,"morarji desai 44th constitutional amendment act 1978 it wa made legal right under articla 300a of the indian constitution ","neutral",
"q089dTzsJyA","<b>Act is Not Above Fact</b> ğŸ”¥ğŸ”¥","*Act is Not Above Fact* ğŸ”¥ğŸ”¥","Aä¹šğœªğ•œ","UC1GtrdGlriOSdIeUb7QbGSg","2022-09-14T03:55:42Z",,"act is not above fact ","neutral",
"q089dTzsJyA","Still there are many temple&#39","s (big one) .<br><br>HAR HAR MAHADEV ğŸš©ğŸš©","Still there are many temple's (big one) .

HAR HAR MAHADEV ğŸš©ğŸš©","Shubham Tripathi","UCXkbr5_8qWd8_-ZMvH5jYMA",,,"negative","criticism"
"q089dTzsJyA","Please make a video on waqf act","Please make a video on waqf act","Chirag Parmar","UCuj_I-p7lNTd4kns-Rj7DCA","2022-09-12T12:29:39Z",,"please make video on waqf act ","neutral",
"q089dTzsJyA","Study IQ is very affordable","Study IQ is very affordable","Rahul S","UCxFeRjaHXzm9dYEZG9UZ3Dw","2022-09-12T11:33:13Z",,"study iq is very affordable ","positive",
"q089dTzsJyA","Yeeee yeppi ...  Jai Hindustan.","Yeeee yeppi ...  Jai Hindustan.","Swati","UCtqoeRKaK6B00JlTYbbgdNg","2022-09-12T11:10:12Z",,"yee yeppi jai hindustan ","positive",
"q089dTzsJyA","Can it possible to remove 1991 act?","Can it possible to remove 1991 act?","Harsh kumar","UCDbZedXLQ6y0LgzobUStCJQ","2022-09-13T13:03:31Z",,"can it possible to remove 1991 act ","neutral",
"q089dTzsJyA","Wow, our india is on track to become leader of the world soon.","Wow, our india is on track to become leader of the world soon.","Mohammad Aazib","UCnEVDZ_5b04vw4jPbrVnu1g","2022-09-12T13:58:07Z",,"wow our india is on track to become leader of the world soon ","negative","criticism"
"q089dTzsJyA","Right to property removed by morarji desai govt","Right to property removed by morarji desai govt","Biswajit Ray","UCCWsgYxF_UjDoHFxz42WPBA","2022-09-12T12:35:48Z",,"right to property removed by morarji desai govt ","negative","criticism"
"q089dTzsJyA","Jai shree Ram","Jai shree Ram","Amit Singh","UC3mRwQmsoZQzMJxQK5Cabhw","2022-09-13T07:45:10Z",,"jai shree ram ","positive",
"q089dTzsJyA","Jai Shree Mahakal Ji ğŸ™ğŸ™ğŸ™ğŸ™ğŸ™ğŸ™ğŸ™ğŸ™ğŸ™ğŸ™ğŸ™ğŸ™ğŸ™ğŸ™ğŸ™ğŸ™ğŸ™ğŸ™ğŸ™ğŸ™ğŸ™ğŸ™ğŸ™ğŸ™ğŸ™ğŸ™ğŸ™ğŸ™ğŸ™ğŸ™ğŸ™ğŸ™ğŸ™ğŸ™ğŸ™ğŸ™ğŸ™ğŸ™ğŸ™ğŸ™ğŸ™ğŸ™ğŸ™ğŸ™ğŸ™ğŸ™ğŸ™ğŸ™ğŸ™ğŸ™ğŸ™ğŸ™ğŸ™","Jai Shree Mahakal Ji ğŸ™ğŸ™ğŸ™ğŸ™ğŸ™ğŸ™ğŸ™ğŸ™ğŸ™ğŸ™ğŸ™ğŸ™ğŸ™ğŸ™ğŸ™ğŸ™ğŸ™ğŸ™ğŸ™ğŸ™ğŸ™ğŸ™ğŸ™ğŸ™ğŸ™ğŸ™ğŸ™ğŸ™ğŸ™ğŸ™ğŸ™ğŸ™ğŸ™ğŸ™ğŸ™ğŸ™ğŸ™ğŸ™ğŸ™ğŸ™ğŸ™ğŸ™ğŸ™ğŸ™ğŸ™ğŸ™ğŸ™ğŸ™ğŸ™ğŸ™ğŸ™ğŸ™ğŸ™","HUNTER* SHASHI","UCnTtiL3hjKLwVzSPxp4u7CQ","2022-09-13T07:33:33Z",,"jai shree mahakal ji ","positive",
"q089dTzsJyA","Jai shree Krishna","Jai shree Krishna","thunderstorm","UCvMloorpw8Ss83UhOgHB1yQ","2022-09-13T04:19:36Z",,"jai shree krishna ","positive",
"q089dTzsJyA","Nice so we will going to see ğŸ‘€ another way of politics","Nice so we will going to see ğŸ‘€ another way of politics","Amiy EAGLE","UCqAv96dcbPhhM3BrXSgo_cA","2022-09-13T01:27:44Z",,"nice so we will going to see another way of politics ","negative",
"q089dTzsJyA","You can see the wall of temple clearly","You can see the wall of temple clearly","Shaurya Singh","UCycv5E5k04t-A_IaUSMeknw","2022-09-12T11:40:20Z",,"you can see the wall of temple clearly ","negative",
"q089dTzsJyA","Places of worship act violates right to justice.","Places of worship act violates right to justice.","Amit Swain","UCNMEDaPoXm1X45G1Vo0kn2Q","2022-09-12T13:05:11Z",,"place of worship act violates right to justice ","negative","criticism"
"q089dTzsJyA","Jai shree ram","Jai shree ram","Harry Potter","UC32wYEWcOvpKSka2SUew1nA","2022-09-12T12:10:41Z",,"jai shree ram ","positive",
"q089dTzsJyA","Jai shree ram ğŸ™","Jai shree ram ğŸ™","king Rajput","UCvLbr_C6sYr5gIgBuyitoLQ","2022-09-12T13:15:21Z",,"jai shree ram ","positive",
"q089dTzsJyA","Low of karma ğŸ”¥","Low of karma ğŸ”¥","Surya Bishnoi","UCW5wEEbkfVQFh2DmV0SFo8A","2022-09-12T12:36:24Z",,"low of karma ","negative","criticism"
"q089dTzsJyA","40000 more temples to go","40000 more temples to go","Random Tricks pro","UCFrcAxipaLYwHlBbRsOEAow","2022-09-12T12:07:03Z",,"400 more temple to go ","negative","criticism"
"q089dTzsJyA","Forget justice","Forget justice","UGC NET free class","UCuV_Rmnoe6NXR-NMO2ij_4A","2022-09-12T17:47:58Z",,"forget justice ","negative","criticism"
"q089dTzsJyA","Good news","Good news","complete your goals","UCC9qQ7o5BGB-mWUzFlbm-8w","2022-09-12T13:42:27Z",,"good news ","positive",
"q089dTzsJyA","Jai bhole baba ğŸ™ğŸ™","Jai bhole baba ğŸ™ğŸ™","Saurabh singh","UCljrQ610mWsD9jYIxktb8qg","2022-09-12T16:01:13Z",,"jai bhole baba ","positive",
"fpw0cdCcC2g","Desperate motivated journos arguing on law, critiquing judges and pronouncing judgements. No wonder ex-CJI spoke of media trials, anyways, loving it.","Desperate motivated journos arguing on law, critiquing judges and pronouncing judgements. No wonder ex-CJI spoke of media trials, anyways, loving it.","Arin M","UCAe-ojz267VrxWia61h5SOg","2022-09-13T18:51:20Z",,"desperate motivated journos arguing on law critiquing judge and pronouncing judgement no wonder ex cji spoke of medium trial anyways loving it ","negative","criticism"
"fpw0cdCcC2g","Anti law judgment by local court","Anti law judgment by local court","Shahid Khan","UC4b-ilh5oEKTJx4vDUR7VYg","2022-09-13T17:45:56Z",,"anti law judgment by local court ","negative","criticism"
"fpw0cdCcC2g","Hindus are now being asked to vacate their homes in a village in Tamilnadu.  The entire ownership of the village is now with the Waqf Board!  Effect of forged stamp papers in India!","Hindus are now being asked to vacate their homes in a village in Tamilnadu.  The entire ownership of the village is now with the Waqf Board!  Effect of forged stamp papers in India!","Chander","UCMrku33O872KXpC5XjILf4A","2022-09-14T00:59:34Z",,"hindu are now being asked to vacate their home in village in tamilnadu the entire ownership of the village is now with the waqf board effect of forged stamp paper in india ","negative","criticism"
"fpw0cdCcC2g","Sir  SC me Judiciary me ko snghiyon ne world level ka mazaq bana rakha hae kewal muslim dushmani ko badhawa dena hae sarkar ke eshare par Judiciary system kam kar raha hae.","Sir  SC me Judiciary me ko snghiyon ne world level ka mazaq bana rakha hae kewal muslim dushmani ko badhawa dena hae sarkar ke eshare par Judiciary system kam kar raha hae.","Wasim","UC4Z00zYoWJZT1xvM8kgExMw","2022-09-14T01:35:50Z",,"sir sc me judiciary me ko snghiyon ne world level ka mazaq bana rakha hae kewal muslim dushmani ko badhawa dena hae sarkar ke eshare par judiciary system kam kar raha hae ","negative","criticism"
"fpw0cdCcC2g","Let the truth come out","Let the truth come out","paliwal view","UCN7HsMouxUSeaZRoG0Qbdxw","2022-09-13T17:54:30Z",,"let the truth come out ","neutral",
"fpw0cdCcC2g","Vah kab Mandir tha vah Nahin jante lekin vah abhi masjid tha unka hak nahin tha agar unhen uska hak milega To ham musalmanon Ko bhi apna masjid ka hak hai","Vah kab Mandir tha vah Nahin jante lekin vah abhi masjid tha unka hak nahin tha agar unhen uska hak milega To ham musalmanon Ko bhi apna masjid ka hak hai","Sheikhshahid","UCpOLx1_3HRGrjaopuv8NBZg","2022-09-14T02:42:42Z",,"vah kab mandir tha vah nahin jante lekin vah abhi masjid tha unka hak nahin tha agar unhen uska hak milega to ham musalmanon ko bhi apna masjid ka hak hai ","negative","criticism"
"fpw0cdCcC2g","Thanks","Thanks","Mohd Sayeed","UCmQxaE3AkW-W3UkP3Uj87cQ","2022-09-13T18:12:28Z",,"thanks ","positive",
"fpw0cdCcC2g","Thanks","Thanks","Hanee'f Hashmii","UCA32blh7xLjtUygXBYOvFmg","2022-09-13T17:18:05Z",,"thanks ","positive",
"fpw0cdCcC2g","Go visit Dr. Syed Rizwan Ahmed&#39","s channel and learn how to be unbiased!","Go visit Dr. Syed Rizwan Ahmed's channel and learn how to be unbiased!","Prashasthihaldwani","UCkKFURJHESYajFrz-9lG-Pg",,,"negative","criticism"
"fpw0cdCcC2g","SIRF BHARAT JODO","SIRF BHARAT JODO","M Rahman","UCKPSv5_jDNjw1e0cnXEcNmw","2022-09-13T16:30:14Z",,"sirf bharat jodo ","positive",
"fpw0cdCcC2g","yes this is only matter of allowing  to do puja. outside the masjid, but media and bjp people are making  this a huge topic to create problem","yes this is only matter of allowing  to do puja. outside the masjid, but media and bjp people are making  this a huge topic to create problem","feroz latif","UCOURCM03EwU0HuZo6vdBGWA","2022-09-13T17:58:29Z",,"yes this is only matter of allowing to do puja outside the masjid but medium and bjp people are making this huge topic to create problem ","negative","criticism"
"fpw0cdCcC2g","Satya hindi platform,  have about 8 to 10 journalist, who think that they are the expert on science  politics, history, military science  law. They are all anti Modi, anti BJP.","Satya hindi platform,  have about 8 to 10 journalist, who think that they are the expert on science  politics, history, military science  law. They are all anti Modi, anti BJP.","Mahima Pandey","UCNA2MC3c2bcU6yv6ZSc_4fg","2022-09-13T21:54:01Z",,"satya hindi platform have about to 10 journalist who think that they are the expert on science politics history military science law they are all anti modi anti bjp ","negative","criticism"
"fpw0cdCcC2g","Ground is being Prepared for 2024 general elections.","Ground is being Prepared for 2024 general elections.","tarlok singh Sahota","UCeqw_UL-OxaEEaTjwKdvhdg","2022-09-13T21:23:36Z",,"ground is being prepared for 2024 general election ","negative","criticism"
"fpw0cdCcC2g","BJP.  ASALI .MUDHOKo. GUMARAH. KAR. RAHI. HI<br>BJP .SABASE. ZUTI. PARTY. HI.","BJP.  ASALI .MUDHOKo. GUMARAH. KAR. RAHI. HI
BJP .SABASE. ZUTI. PARTY. HI.","Nanaji Ramteke","UCnTVvoW42wM99nzD3QHKzOg","2022-09-14T01:58:55Z",,"bjp asali mudhoko gumarah kar rahi hi bjp sabase zuti party hi ","negative","criticism"
"fpw0cdCcC2g","Wqft Board must be controlled by Central Government .....","Wqft Board must be controlled by Central Government .....","AN","UCW1CKwbbZijvur1-hZez93g","2022-09-13T18:15:27Z",,"wqft board must be controlled by central government ","positive",
"fpw0cdCcC2g","1991 Worship Act should be REVOKE","1991 Worship Act should be REVOKE","AN","UCW1CKwbbZijvur1-hZez93g","2022-09-13T18:08:25Z",,"1991 worship act should be revoke ","neutral",
"fpw0cdCcC2g","Moo","Moo","Anwar Sheikh","UCW5vebUGAgT82v5AitTRhuQ","2022-09-13T18:13:22Z",,"moo ","neutral",
"fpw0cdCcC2g","It is very clear it is a mandir","It is very clear it is a mandir","paliwal view","UCN7HsMouxUSeaZRoG0Qbdxw","2022-09-13T17:51:38Z",,"it is very clear it is mandir ","negative","criticism"
"fpw0cdCcC2g","BJP is horrible party. How to get rid of this party.","BJP is horrible party. How to get rid of this party.","Dilip Kulkarni","UCdPdexnphWbKLc-5NEgpcGg","2022-09-13T17:36:14Z",,"bjp is horrible party how to get rid of this party ","negative","criticism"
"QSjxjftp78U","Mark my words every Msjid is A MANDIR FIRST.","Mark my words every Msjid is A MANDIR FIRST.","demo purpose","UCW1Oxsjl6tYwWkHrW-sBFTQ","2022-09-12T20:52:19Z",,"mark my word every msjid is mandir first ","negative","criticism"
"QSjxjftp78U","How can nature of religious act change. When the religious place is  maandir. And it was demolished by islamic ruler and then they made mosq on it. It is completely wrong","How can nature of religious act change. When the religious place is  maandir. And it was demolished by islamic ruler and then they made mosq on it. It is completely wrong","Shubham Ghede","UCsMQBH2z32VZksPUoiiOkvw","2022-09-13T02:19:35Z",,"how can nature of religious act change when the religious place is maandir and it wa demolished by islamic ruler and then they made mosq on it it is completely wrong ","negative","criticism"
"QSjxjftp78U","Owaisiji, why don&#39;t you condemn the demolition of temples of the past, why your statements are always selective, you oppose Raja Singh and nupur sharma but in 9 years you never condemn the statement made by your brother","Owaisiji, why don't you condemn the demolition of temples of the past, why your statements are always selective, you oppose Raja Singh and nupur sharma but in 9 years you never condemn the statement made by your brother","mukul kaushal","UCCPsodMgDfzoIXZNn3H5rYw","2022-09-13T03:21:21Z",,"owaisiji why don you condemn the demolition of temple of the past why your statement are always selective you oppose raja singh and nupur sharma but in year you never condemn the statement made by your brother ","negative","criticism"
"QSjxjftp78U","Kashmirii pandits were mass murdered and driven out from the valley in 1990 and places of worship act passed in 1991 ! Are both connected  under congies regime?","Kashmirii pandits were mass murdered and driven out from the valley in 1990 and places of worship act passed in 1991 ! Are both connected  under congies regime?","Muhammed saleem","UCNMwzGcQgUKiafa0VvTzrYQ","2022-09-12T13:03:32Z",,"kashmirii pandits were mass murdered and driven out from the valley in 1990 and place of worship act passed in 1991 are both connected under congies regime ","negative","criticism"
"QSjxjftp78U","Owaisiji, whatever evidence you have gathered, why don&#39;t you present it directly in the court, instead of making videos? You are a barrister and you have to set the right personal example to the public through your exemplary conduct and respect for the court. In fact, why don&#39;t you argue the cases yourself for the Muslim-side?","Owaisiji, whatever evidence you have gathered, why don't you present it directly in the court, instead of making videos? You are a barrister and you have to set the right personal example to the public through your exemplary conduct and respect for the court. In fact, why don't you argue the cases yourself for the Muslim-side?","Haresh Gaglani","UC754drkdeos5K3KbGZsal0g","2022-09-12T12:54:14Z",,"owaisiji whatever evidence you have gathered why don you present it directly in the court instead of making video you are barrister and you have to set the right personal example to the public through your exemplary conduct and respect for the court in fact why don you argue the case yourself for the muslim side ","negative","criticism"
"QSjxjftp78U","Thanks to BJP team. Now court has taken a good decision.","Thanks to BJP team. Now court has taken a good decision.","Humanity Religion","UCsIGcHjHLzggu6eniH3kVrg","2022-09-13T15:00:08Z",,"thanks to bjp team now court ha taken good decision ","positive",
"QSjxjftp78U","Check his DNA he too was a Narayan or a Rajeshwar not that long ago","Check his DNA he too was a Narayan or a Rajeshwar not that long ago","LK Reddy","UCHH16mN6SDNzPwNMovc15JA","2022-09-12T18:02:23Z",,"check his dna he too wa narayan or rajeshwar not that long ago ","negative","criticism"
"QSjxjftp78U","Move that mosque to some other place..","Move that mosque to some other place..","Manu","UCv8obQ8sT36eLN0BMINnraw","2022-09-13T05:58:25Z",,"move that mosque to some other place ","negative","criticism"
"QSjxjftp78U","Court ne result dedia Tu bolta rahe Khawesi ğŸ˜…","Court ne result dedia Tu bolta rahe Khawesi ğŸ˜…","Creative MomentsğŸ¤©","UCSsJsGR3s8ZkKj0pju4NI3Q","2022-09-13T08:39:38Z",,"court ne result dedia tu bolta rahe khawesi ","negative","criticism"
"QSjxjftp78U","E topiwala ko afghanisthan ko bhej do modiji! He will be happy  their   because  he cannot open his mouth there","E topiwala ko afghanisthan ko bhej do modiji! He will be happy  their   because  he cannot open his mouth there","Anjani","UCH4EcBnoOdDlkqguY1ERmfw","2022-09-14T09:43:18Z",,"topiwala ko afghanisthan ko bhej do modiji he will be happy their because he cannot open his mouth there ","negative","criticism"
"QSjxjftp78U","Jabbardasti kabza ker lene se wo jameen kisi sur ka nahi ho jata. Yeh tou hinduon ke jameen jo aap logon ne Jabbardasti kabza ker rakkha h. Pyar mohabat se de dou accha rehega agar nahi doge tou hum dekhenge kaise liya ja sakta h. <br>Even Mecca was a Mandir  owned by Hindus","Jabbardasti kabza ker lene se wo jameen kisi sur ka nahi ho jata. Yeh tou hinduon ke jameen jo aap logon ne Jabbardasti kabza ker rakkha h. Pyar mohabat se de dou accha rehega agar nahi doge tou hum dekhenge kaise liya ja sakta h. 
Even Mecca was a Mandir  owned by Hindus","AÑ‚Ğ½Ñ”Î¹Ñ•Ñ‚ Æ¤Î±Î·É—Î¹Ñ‚× Î¹","UCUCOK1wcBCF1nAGNWAvi3mg","2022-09-12T15:07:48Z",,"jabbardasti kabza ker lene se wo jameen kisi sur ka nahi ho jata yeh tou hinduon ke jameen jo aap logon ne jabbardasti kabza ker rakkha pyar mohabat se de dou accha rehega agar nahi doge tou hum dekhenge kaise liya ja sakta even mecca wa mandir owned by hindu ","negative","criticism"
"QSjxjftp78U","Court mn bol na madarasachaap","Court mn bol na madarasachaap","pankaj sharma","UCi4WRbzmhwWsERyR8wKTpcw","2022-09-12T13:40:41Z",,"court mn bol na madarasachaap ","negative","criticism"
"QSjxjftp78U","Listen this is india we the indian majority will decide what we should do . Frankly speaking all the masjid were built after destroying mandir and there should be no debate restore all mandir hindus have right to demand justice for what mughals and Muslims did including murder rape pillage ...... and owasi is arguing??","Listen this is india we the indian majority will decide what we should do . Frankly speaking all the masjid were built after destroying mandir and there should be no debate restore all mandir hindus have right to demand justice for what mughals and Muslims did including murder rape pillage ...... and owasi is arguing??","Sebastian Shroff","UCyTg0eZU4_V32eYwrNfkaJQ","2022-09-13T21:49:00Z",,"listen this is india we the indian majority will decide what we should do frankly speaking all the masjid were built after destroying mandir and there should be no debate restore all mandir hindu have right to demand justice for what mughals and muslim did including murder rape pillage and owasi is arguing ","negative","criticism"
"QSjxjftp78U","Why is Modi sleeping, he should immediately abolish this ridiculous 1991 Places of Worship act","Why is Modi sleeping, he should immediately abolish this ridiculous 1991 Places of Worship act","Fluky Punditry","UCFrcIeqC-cZMHDlhDGX0jgQ","2022-09-12T13:21:23Z",,"why is modi sleeping he should immediately abolish this ridiculous 1991 place of worship act ","negative","criticism"
"QSjxjftp78U","Owasi mind your words when criticise modi  sir ,he will never hate Muslims ,at the same time if you threaten modiji you will have to see the  consequences ,it is not a joke you go to supreme Court ,if you condemd modiji ,your days are counted","Owasi mind your words when criticise modi  sir ,he will never hate Muslims ,at the same time if you threaten modiji you will have to see the  consequences ,it is not a joke you go to supreme Court ,if you condemd modiji ,your days are counted","Purushothaman Same as above","UCTfRafU3IHQpWbW6KuLrF5A","2022-09-12T15:09:04Z",,"owasi mind your word when criticise modi sir he will never hate muslim at the same time if you threaten modiji you will have to see the consequence it is not joke you go to supreme court if you condemd modiji your day are counted ","negative","criticism"
"MOmHrQPMrVE","Mark my words every Msjid is A MANDIR FIRST.","Mark my words every Msjid is A MANDIR FIRST.","demo purpose","UCW1Oxsjl6tYwWkHrW-sBFTQ","2022-09-12T20:52:19Z",,"mark my word every msjid is mandir first ","negative","criticism"
"MOmHrQPMrVE","How can nature of religious act change. When the religious place is  maandir. And it was demolished by islamic ruler and then they made mosq on it. It is completely wrong","How can nature of religious act change. When the religious place is  maandir. And it was demolished by islamic ruler and then they made mosq on it. It is completely wrong","Shubham Ghede","UCsMQBH2z32VZksPUoiiOkvw","2022-09-13T02:19:35Z",,"how can nature of religious act change when the religious place is maandir and it wa demolished by islamic ruler and then they made mosq on it it is completely wrong ","negative","criticism"
"MOmHrQPMrVE","Owaisiji, why don&#39;t you condemn the demolition of temples of the past, why your statements are always selective, you oppose Raja Singh and nupur sharma but in 9 years you never condemn the statement made by your brother","Owaisiji, why don't you condemn the demolition of temples of the past, why your statements are always selective, you oppose Raja Singh and nupur sharma but in 9 years you never condemn the statement made by your brother","mukul kaushal","UCCPsodMgDfzoIXZNn3H5rYw","2022-09-13T03:21:21Z",,"owaisiji why don you condemn the demolition of temple of the past why your statement are always selective you oppose raja singh and nupur sharma but in year you never condemn the statement made by your brother ","negative","criticism"
"MOmHrQPMrVE","Kashmirii pandits were mass murdered and driven out from the valley in 1990 and places of worship act passed in 1991 ! Are both connected  under congies regime?","Kashmirii pandits were mass murdered and driven out from the valley in 1990 and places of worship act passed in 1991 ! Are both connected  under congies regime?","Muhammed saleem","UCNMwzGcQgUKiafa0VvTzrYQ","2022-09-12T13:03:32Z",,"kashmirii pandits were mass murdered and driven out from the valley in 1990 and place of worship act passed in 1991 are both connected under congies regime ","negative","criticism"
"MOmHrQPMrVE","Owaisiji, whatever evidence you have gathered, why don&#39;t you present it directly in the court, instead of making videos? You are a barrister and you have to set the right personal example to the public through your exemplary conduct and respect for the court. In fact, why don&#39;t you argue the cases yourself for the Muslim-side?","Owaisiji, whatever evidence you have gathered, why don't you present it directly in the court, instead of making videos? You are a barrister and you have to set the right personal example to the public through your exemplary conduct and respect for the court. In fact, why don't you argue the cases yourself for the Muslim-side?","Haresh Gaglani","UC754drkdeos5K3KbGZsal0g","2022-09-12T12:54:14Z",,"owaisiji whatever evidence you have gathered why don you present it directly in the court instead of making video you are barrister and you have to set the right personal example to the public through your exemplary conduct and respect for the court in fact why don you argue the case yourself for the muslim side ","negative","criticism"
"MOmHrQPMrVE","Thanks to BJP team. Now court has taken a good decision.","Thanks to BJP team. Now court has taken a good decision.","Humanity Religion","UCsIGcHjHLzggu6eniH3kVrg","2022-09-13T15:00:08Z",,"thanks to bjp team now court ha taken good decision ","negative",
"MOmHrQPMrVE","Check his DNA he too was a Narayan or a Rajeshwar not that long ago","Check his DNA he too was a Narayan or a Rajeshwar not that long ago","LK Reddy","UCHH16mN6SDNzPwNMovc15JA","2022-09-12T18:02:23Z",,"check his dna he too wa narayan or rajeshwar not that long ago ","negative","criticism"
"MOmHrQPMrVE","Move that mosque to some other place..","Move that mosque to some other place..","Manu","UCv8obQ8sT36eLN0BMINnraw","2022-09-13T05:58:25Z",,"move that mosque to some other place ","negative","criticism"
"MOmHrQPMrVE","Court ne result dedia Tu bolta rahe Khawesi ğŸ˜…","Court ne result dedia Tu bolta rahe Khawesi ğŸ˜…","Creative MomentsğŸ¤©","UCSsJsGR3s8ZkKj0pju4NI3Q","2022-09-13T08:39:38Z",,"court ne result dedia tu bolta rahe khawesi ","negative","criticism"
"MOmHrQPMrVE","E topiwala ko afghanisthan ko bhej do modiji! He will be happy  their   because  he cannot open his mouth there","E topiwala ko afghanisthan ko bhej do modiji! He will be happy  their   because  he cannot open his mouth there","Anjani","UCH4EcBnoOdDlkqguY1ERmfw","2022-09-14T09:43:18Z",,"topiwala ko afghanisthan ko bhej do modiji he will be happy their because he cannot open his mouth there ","negative","criticism"
"MOmHrQPMrVE","Jabbardasti kabza ker lene se wo jameen kisi sur ka nahi ho jata. Yeh tou hinduon ke jameen jo aap logon ne Jabbardasti kabza ker rakkha h. Pyar mohabat se de dou accha rehega agar nahi doge tou hum dekhenge kaise liya ja sakta h. <br>Even Mecca was a Mandir  owned by Hindus","Jabbardasti kabza ker lene se wo jameen kisi sur ka nahi ho jata. Yeh tou hinduon ke jameen jo aap logon ne Jabbardasti kabza ker rakkha h. Pyar mohabat se de dou accha rehega agar nahi doge tou hum dekhenge kaise liya ja sakta h. 
Even Mecca was a Mandir  owned by Hindus","AÑ‚Ğ½Ñ”Î¹Ñ•Ñ‚ Æ¤Î±Î·É—Î¹Ñ‚× Î¹","UCUCOK1wcBCF1nAGNWAvi3mg","2022-09-12T15:07:48Z",,"jabbardasti kabza ker lene se wo jameen kisi sur ka nahi ho jata yeh tou hinduon ke jameen jo aap logon ne jabbardasti kabza ker rakkha pyar mohabat se de dou accha rehega agar nahi doge tou hum dekhenge kaise liya ja sakta even mecca wa mandir owned by hindu ","negative","criticism"
"MOmHrQPMrVE","Court mn bol na madarasachaap","Court mn bol na madarasachaap","pankaj sharma","UCi4WRbzmhwWsERyR8wKTpcw","2022-09-12T13:40:41Z",,"court mn bol na madarasachaap ","negative","criticism"
"MOmHrQPMrVE","Listen this is india we the indian majority will decide what we should do . Frankly speaking all the masjid were built after destroying mandir and there should be no debate restore all mandir hindus have right to demand justice for what mughals and Muslims did including murder rape pillage ...... and owasi is arguing??","Listen this is india we the indian majority will decide what we should do . Frankly speaking all the masjid were built after destroying mandir and there should be no debate restore all mandir hindus have right to demand justice for what mughals and Muslims did including murder rape pillage ...... and owasi is arguing??","Sebastian Shroff","UCyTg0eZU4_V32eYwrNfkaJQ","2022-09-13T21:49:00Z",,"listen this is india we the indian majority will decide what we should do frankly speaking all the masjid were built after destroying mandir and there should be no debate restore all mandir hindu have right to demand justice for what mughals and muslim did including murder rape pillage and owasi is arguing ","negative","criticism"
"MOmHrQPMrVE","Why is Modi sleeping, he should immediately abolish this ridiculous 1991 Places of Worship act","Why is Modi sleeping, he should immediately abolish this ridiculous 1991 Places of Worship act","Fluky Punditry","UCFrcIeqC-cZMHDlhDGX0jgQ","2022-09-12T13:21:23Z",,"why is modi sleeping he should immediately abolish this ridiculous 1991 place of worship act ","negative","criticism"
"MOmHrQPMrVE","Owasi mind your words when criticise modi  sir ,he will never hate Muslims ,at the same time if you threaten modiji you will have to see the  consequences ,it is not a joke you go to supreme Court ,if you condemd modiji ,your days are counted","Owasi mind your words when criticise modi  sir ,he will never hate Muslims ,at the same time if you threaten modiji you will have to see the  consequences ,it is not a joke you go to supreme Court ,if you condemd modiji ,your days are counted","Purushothaman Same as above","UCTfRafU3IHQpWbW6KuLrF5A","2022-09-12T15:09:04Z",,"owasi mind your word when criticise modi sir he will never hate muslim at the same time if you threaten modiji you will have to see the consequence it is not joke you go to supreme court if you condemd modiji your day are counted ","negative","criticism"
"XGGTp3h5Bqk","Hindus must thank the lawyer &amp;  Advocates for fighting this case, but what about Sringeri Peeta Karnataka? Will it thank Vishnu Shankar Jain? If Yes, When? If no, then is it because they want to protect their secular identify?<br><br>Remember, these mutts are the ones who will be at the forefront to take the advantage, if Almighty willing Adv. Vishnu Shankar Jain is successful in getting the order from Supreme Court to rebuild Kaashi Vishwanath Temple.<br><br>You need example? <br>The Sringeri mutt branch is already about to come up in premises of Ayodhya Ram Mandir.<br><br>Beware of these people......","Hindus must thank the lawyer &  Advocates for fighting this case, but what about Sringeri Peeta Karnataka? Will it thank Vishnu Shankar Jain? If Yes, When? If no, then is it because they want to protect their secular identify?

Remember, these mutts are the ones who will be at the forefront to take the advantage, if Almighty willing Adv. Vishnu Shankar Jain is successful in getting the order from Supreme Court to rebuild Kaashi Vishwanath Temple.

You need example? 
The Sringeri mutt branch is already about to come up in premises of Ayodhya Ram Mandir.

Beware of these people......","Kannada Dictionary with English translation.","UCuHDhV71dIsl3ewtyoHitSA","2022-09-14T10:03:16Z",,"hindu must thank the lawyer advocate for fighting this case but what about sringeri peeta karnataka will it thank vishnu shankar jain if yes when if no then is it because they want to protect their secular identify remember these mutt are the one who will be at the forefront to take the advantage if almighty willing adv vishnu shankar jain is successful in getting the order from supreme court to rebuild kaashi vishwanath temple you need example the sringeri mutt branch is already about to come up in premise of ayodhya ram mandir beware of these people ","negative","criticism"
"XGGTp3h5Bqk","Hr hr mahadev","Hr hr mahadev","rider vlogger vishal","UCzJaRrvNv6ml7eCmTru8sog","2022-09-12T13:11:57Z",,"hr hr mahadev ","positive",
"XGGTp3h5Bqk","Har Har Mahadev","Har Har Mahadev","sanjay das","UCGbiMSqAvN06K3lG7Iprsdg","2022-09-13T02:53:15Z",,"har har mahadev ","positive",
"XGGTp3h5Bqk",".",".","Fan Of Michael Jackson","UCCT8ByC1dOwqPLEPFrRWzWw","2022-09-13T10:50:09Z",,,"neutral",
"XGGTp3h5Bqk","Fawara to hai ye","Fawara to hai ye","Vidhayak Azmi","UC6Pq_pKg_QTXAjOZxUBGcNw","2022-09-13T15:15:45Z",,"fawara to hai ye ","negative","criticism"
"RliSWOUmqIo","Sab tho tumare bap ka hai police Adalat hikot parsasan jocaho karo tim sab ka aata hai","Sab tho tumare bap ka hai police Adalat hikot parsasan jocaho karo tim sab ka aata hai","Mohd Murtuza","UCeqWbYgkk51fMxd6R4UT7Zw","2022-09-12T15:43:32Z",,"sab tho tumare bap ka hai police adalat hikot parsasan jocaho karo tim sab ka aata hai ","negative","criticism"
"RliSWOUmqIo","This is main development just <br>Masjid <br>Mandir <br>Hindu <br>Muslim <br>No jobs no women safety <br>Expensive food <br>Expensive petrol <br>Open your eyes andhbakth","This is main development just 
Masjid 
Mandir 
Hindu 
Muslim 
No jobs no women safety 
Expensive food 
Expensive petrol 
Open your eyes andhbakth","Proud to be Indian","UC3ABpXtMab1PZD8HxrevVMQ","2022-09-13T09:01:24Z",,"this is main development just masjid mandir hindu muslim no job no woman safety expensive food expensive petrol open your eye andhbakth ","negative","criticism"
"c5afr-iI13c","Har Har Mahadev","Har Har Mahadev","A.T Creations Lko","UCt8Q-bDOxLLV7oiEwgENn3A","2022-09-12T17:37:32Z",,"har har mahadev ","positive",
"E6IjSr-pzlY","Har.  Har.  Sambhu.    Mahadev","Har.  Har.  Sambhu.    Mahadev","Bablo Sing","UCyM-rE88TdIzojLyUf5n8FQ","2022-09-12T09:11:28Z",,"har har sambhu mahadev ","positive",
"E6IjSr-pzlY","Mr Owise go and see Gynvapi Masji,if it is built on temple say muslims are wrong.1991act  can challenged by. Court if it unjustifible","Mr Owise go and see Gynvapi Masji,if it is built on temple say muslims are wrong.1991act  can challenged by. Court if it unjustifible","Devender Reddy","UCSexKmx_PwycUT9HpNj7kWg","2022-09-13T04:08:13Z",,"mr owise go and see gynvapi masji if it is built on temple say muslim are wrong 1991act can challenged by court if it unjustifible ","negative","criticism"
"E6IjSr-pzlY","Audio","Audio","Fire Captain Boy","UCLA8dAra_JoP9kxJyD3K6pw","2022-09-13T03:44:41Z",,"audio ","positive",
"mHO2us5fawo","Jai shree Ram ğŸ™ğŸ™ğŸ™","Jai shree Ram ğŸ™ğŸ™ğŸ™","Masti pop","UCCGdqVU6Mgc4FyoNGz-xGZg","2022-09-12T22:33:04Z",,"jai shree ram ","positive",
"mHO2us5fawo","Har  Har  Mahadev","Har  Har  Mahadev","SANDEEP KUMAR","UC--H8HPxCTVd-88drjSFpZg","2022-09-14T12:44:04Z",,"har har mahadev ","positive",
"mHO2us5fawo","Jai bham bham bholenath","Jai bham bham bholenath","J Bandaru","UCTrhil1GahuftuC2EA-CTZA","2022-09-12T13:29:35Z",,"jai bham bham bholenath ","positive",
"mHO2us5fawo","Jai shree ramğŸ™","Jai shree ramğŸ™","Chandan Gupta","UCzgAlNEFx5gLCSrd19bhf_w","2022-09-12T13:02:58Z",,"jai shree ram ","positive",
"mHO2us5fawo","Adalat hai kider bjp wale hai","Adalat hai kider bjp wale hai","Malaer Slanyia","UCTvuRld37gFJkFLZXjAAxng","2022-09-12T19:17:11Z",,"adalat hai kider bjp wale hai ","positive",
"mHO2us5fawo","Jai shree ram","Jai shree ram","Æğ™¸ğ™ºğ™´ğš‚ğ™·ğŸ‘‘","UCI4xGyD9BIV4Ua5NTsCILbA","2022-09-12T12:58:26Z",,"jai shree ram ","positive",
"mHO2us5fawo","Har Har Mahadev","Har Har Mahadev","Sushma Sharma","UCIVeAW5Udo50lY_hNZNEMcQ","2022-09-12T12:58:11Z",,"har har mahadev ","positive",
"s5B5AbIiFmQ","What a knowledgeable guru. Every word was enlightening, om gurave namah ğŸ™","What a knowledgeable guru. Every word was enlightening, om gurave namah ğŸ™","Rishabh Chaudhary","UCwY7NHRHb5yOpXPNeeXXYQQ","2022-09-13T10:51:34Z",,"what knowledgeable guru every word wa enlightening om gurave namah ","positive",
"s5B5AbIiFmQ","Swami Abhimukteshwaranand Ji Sach Kah Rahe Hai Dharm Ki Jay Ho","Swami Abhimukteshwaranand Ji Sach Kah Rahe Hai Dharm Ki Jay Ho","Ramsajiwan Dubey","UCUoap7f7vSq-nAm3b5Sgw4g","2022-09-13T07:42:20Z",,"swami abhimukteshwaranand ji sach kah rahe hai dharm ki jay ho ","negative","criticism"
"s5B5AbIiFmQ","Finally we got a strong shankryacharya ji.","Finally we got a strong shankryacharya ji.","DD singh","UCPmUoejlP-QD3FhsBa-KSaQ","2022-09-13T08:45:22Z",,"finally we got strong shankryacharya ji ","negative","criticism"
"s5B5AbIiFmQ","Bahut accha ğŸ™ Son of Maa Bharti","Bahut accha ğŸ™ Son of Maa Bharti","Nave Naves","UCYxA8XW5RoYyoCbqBP3tt4w","2022-09-12T15:31:35Z",,"bahut accha son of maa bharti ","positive",
"s5B5AbIiFmQ","Deep knowledge","Deep knowledge","Yugsom","UCHBgLcpQQ50kpZ6UcULDchA","2022-09-13T04:56:07Z",,"deep knowledge ","neutral",
"s5B5AbIiFmQ","This type of thoughts have shrinked","This type of thoughts have shrinked","Bibhuti Jena","UCZY7vVT4hHUL3yizZ4OUltg","2022-09-13T01:46:18Z",,"this type of thought have shrinked ","negative","criticism"
"s5B5AbIiFmQ","Jay Jagannath ğŸ™","Jay Jagannath ğŸ™","Haraprasanna Jena","UCCeHXUqth_TgWCBk169Byxw","2022-09-13T19:09:13Z",,"jay jagannath ","positive",
"s5B5AbIiFmQ","ğŸ™ğŸ™","ğŸ™ğŸ™","Kalipada Jagaddeb","UCba8CDVvbjvMrVqN35gPZMg","2022-09-12T17:37:25Z",,,"neutral",
"s5B5AbIiFmQ","ğŸ™ğŸ™","ğŸ™ğŸ™","Deep Joshi","UCkm63ZCq7Cihi5NO88NgL9g","2022-09-12T21:22:24Z",,,"neutral",
"s5B5AbIiFmQ","ğŸ™ğŸ™","ğŸ™ğŸ™","jyoti bhushan mishra","UC8plh5rw9frCiOwsrBwrg9g","2022-09-13T09:06:02Z",,,"neutral",
"s5B5AbIiFmQ","ğŸ™ğŸ™","ğŸ™ğŸ™","Chandrani Goswami","UCrvwl1EcC6OR1KmhcJIkhwA","2022-09-13T13:40:12Z",,,"neutral",
"s5B5AbIiFmQ","Jay shree ram jay shree krishna","Jay shree ram jay shree krishna","Khushi Jain","UCwrALlHxyArlfyrOrdLj5Ng","2022-09-12T19:04:00Z",,"jay shree ram jay shree krishna ","positive",
"s5B5AbIiFmQ","ğŸ™ğŸ™ğŸ™","ğŸ™ğŸ™ğŸ™","KETKI VYAS","UCXaGrTV4MD0_31m3sWoRcwQ","2022-09-14T11:33:20Z",,,"neutral",
"s5B5AbIiFmQ","Pranam  Guruji","Pranam  Guruji","Proud Hindu","UCAF7ROgNtvO-m6mnco4AB-g","2022-09-13T12:58:07Z",,"pranam guruji ","positive",
"s5B5AbIiFmQ","ğŸ™ğŸ™ğŸ™ğŸ™","ğŸ™ğŸ™ğŸ™ğŸ™","Sampa Choudhury","UC4KSLMLXH6617RKd1DjFkXg","2022-09-12T16:59:31Z",,,"neutral",
"s5B5AbIiFmQ","ğŸ™ğŸ™ğŸ™ğŸ™","ğŸ™ğŸ™ğŸ™ğŸ™","they call me atul","UCH7JUDK1Ks3DmnwTA9nvkHg","2022-09-12T18:15:42Z",,,"neutral",
"s5B5AbIiFmQ","Joy shree krishna","Joy shree krishna","Arjun Chakraborty","UCuPfxrcpmSiF0eEIL5ouabw","2022-09-13T13:23:10Z",,"joy shree krishna ","positive",
"s5B5AbIiFmQ","ğŸ™","ğŸ™","chandan kumar","UCyq-Vjyo9mrDoQbYX5WSzqw","2022-09-13T03:45:03Z",,,"neutral",
"s5B5AbIiFmQ","ğŸ™","ğŸ™","Sanjay Prabhakaran Chettiar","UCZofTq4UiiHwPezuqmGmD-A","2022-09-13T15:00:57Z",,,"neutral",
"s5B5AbIiFmQ","Jai Ho","Jai Ho","Muniram Dubey","UCvjAkn2QhRJgNlH-hKTxAoA","2022-09-13T12:57:34Z",,"jai ho ","positive",
"s5B5AbIiFmQ","Sat sat naman ğŸ™","Sat sat naman ğŸ™","Prakash orgen gohawal","UCLymfrhhE8T1n8GoQk3Bxpg","2022-09-13T03:32:32Z",,"sat sat naman ","positive",
"s5B5AbIiFmQ","Leave behind all fake gurus and babas and follow true shankaracharyas ( not quacks like adhokshjanad) . Only they can lead on the true path of dharma.","Leave behind all fake gurus and babas and follow true shankaracharyas ( not quacks like adhokshjanad) . Only they can lead on the true path of dharma.","Shreshth Bhargava","UCqKLikp0ZH8OXbZu6GbMDTA","2022-09-13T13:23:26Z",,"leave behind all fake guru and baba and follow true shankaracharyas not quack like adhokshjanad only they can lead on the true path of dharma ","negative","criticism"
"mrLdFZs-YP0",0,0,"LAXMI DAS","UC4RYkGkqs2bR9nve5RvA-GQ","2022-09-12T05:51:37Z",,,"neutral",
