username,orig_sentence,cleaned_sentence,category,sub-category
tweets_CyberAnonymous,"timesofindia: #Congress' #BharatJodoYatra enters 7th day 

https://t.co/5hIfvgzMB8",timesofindia enters 7th day,positive,
tweets_PumpiBaghel,"Bharat Jodo Yatra believes in inclusion of people from all walks of life. 

It believes in equality, simplicity and amplifying people's voices.
#BharatJodoYatra https://t.co/40hjuh4PWA",bharat jodo yatra believe inclusion people walk life believe equality simplicity amplify people voice,positive,
tweets_Nil_deshbhratar,"From Cycle Yatra to Padyatra, the love and support of the people remain intact.""

#YatraStories 
#BharatJodoYatra üáÆüá≥ https://t.co/YzuHRUXmHJ",cycle yatra padyatra love support people remain intact,positive,
tweets_SevadalOR,"After Dinner Stunt With Auto Driver Chota Sanghi @ArvindKejriwal Returns To Delhi by Private Jet 

#BharatJodoYatra üáÆüá≥ https://t.co/8d6MYidpgX",dinner stunt auto driver chota sanghi return delhi private jet,negative,hate
tweets_c_w_mckenzie,It maybe a ploy by the communist government in Kerala to defame the #BharatJodoYatra by projecting it as a nuisance for emergency services https://t.co/dxjgwwDRhi,maybe ploy communist government kerala defame project nuisance emergency service,negative,critisism
tweets_SevadalBV,"Day 7, #BharatJodoYatra üáÆüá≥

Bharat Jodo Yatra believes in inclusion of people from all walks of life. 

It believes in equality, simplicity and amplifying people's voices. https://t.co/yuWDxK3k5w",day 7 bharat jodo yatra believe inclusion people walk life believe equality simplicity amplify people voice,positive,
tweets_DilipKu50136698,The joy of witnessing the historic movement unfold!  #BharatJodoYatra üáÆüá≥ https://t.co/FT8IIDZy3C,joy witness historic movement unfold,positive,
tweets_ShivdeepDehari2,"Always an enlightening experience communicating ideas with the students. India's future lies in the hands of youth &amp; it is our duty to fulfill their aspirations.
#BharatJodoYatra üáÆüá≥ https://t.co/KYh5TL3KV3",always enlighten experience communicate ideas student indias future lie hand youth duty fulfill aspiration,positive,
tweets_syed_zakir_1947,"Burnol moment for Sanghis
#BharatJodoYatra https://t.co/y8u7BseTwU",burnol moment sanghis,negative,hate
tweets_madshumanbeing1,"144 days more to go..!
#BharatJodoYatra https://t.co/NMWf8zeE9J",144 day go,positive,
tweets_Hisamud47588796,"@Ahimsa1616 @hisamuddink51 @Divyadrashti1 @AnilKum04619533 @Ramesh270549 @SudhirDevSharma @JitendraManoha6 @AaqCyrus @RajeshS50119232 @SavitaSikarwar @ADiravia @aj23004007 @SinghRakeshKu14 @RajeshK83114811 @_Mahakal_D_ @Chandra51364237 @RajaRajavira @RajivSi45818862 @LOC_bbk @Pandey13K @indianposten @MuzaffarIslam11 @MdtajKohri5 @AyaaniqbalMd @anilgup20692673 @patwal9560 @HashmatRuhul @Om44857240 @VijayGa21918400 @SanjayP46456817 @55659754Bhaskar @Desirul1 @JhaAvesh @Pinky717623862 @RamaSin24298825 @nareshsharma107 @Rao26641901Gs @SharrmaPoonam @lari_shakil @onkargss11 @RaviMis37169884 @vijay53438572 @CJSHENDE @Satanis43352136 @UmmedRawna @baldevs13321048 @KhalilS02065001 @patwalr336 @INCIndia @RahulGandhi Leader of one and all.
The future is here.

Rahul Gandhi Ji meeting differently able people and giving them a hope that things will be better.
#BharatJodoYatra https://t.co/flddKQCfvB",leader future rahul gandhi ji meeting differently able people give hope thing well,positive,
tweets_SevadalKL,This little one too supported the #BharatJodoYatra https://t.co/LonLTjGPWa,little support,positive,
tweets_pitchaijohn1961,"@UWCforYouth Congress Finished AAP.. 
This is the truth... 
#BharatJodoYatra https://t.co/PdN7ul0MJF",congress finish aap truth,positive,
tweets_laboni276,"‚ÄúHow do we fight against this monstrous machine of lies and falsehood? The purveyors of hate and falsehood have so many resources ‚Äì money, pliant news channels, troll armies, and the police too.‚Äù‚Ä¶‚Ä¶üëÜWhy we need a #BharatJodoYatra  https://t.co/2MVruksWei",fight monstrous machine lie falsehood purveyor hate falsehood many resource money pliant news channel troll army police toowhy need,negative,critisism
tweets_mystic_shoo,"üîªThrow slush on him

üîªDemean him in such third rate ways

üîªFrame videos &amp; create lies to tarnish his image

üîªSpew venom on him wilfully 

üå∏BUTüå∏

üíùLike GOLD which shines brighter in fire , RAGA üíùstands tall ,with the shining armour of TRUTH &amp; COMPASSION!

#BharatJodoYatra https://t.co/FmL11NphSm",throw slush demean third rate way frame videos create lie tarnish image spew venom wilfully like gold shine brighter fire raga stand tall shin armour truth compassion,positive,
tweets_a_amgoth,"With every step we take in #BharatJodoYatra, India moves forward with us. Step by step, we get closer to development, progress, growth, and a peaceful and glorious nation. https://t.co/y0qm59Kcga",every step take india move forward u step step get close development progress growth peaceful glorious nation,positive,
tweets_Bilacksmith,"@ndtv To take a long jump one has to go little back so that He/She can jump longer. The game is just started the best is on the way. 
#BharatJodoYatra 
@anushakunmittal",take long jump go little back heshe jump longer game start best way,positive,
tweets_csg52,"@INCTelangana @JayasreeVijayan @smritiirani #BharatJodoYatra ,#BharatTodoYatra 
VISITING A STATUE OF SRI VIVEKANANDA JI it does not mean that you are following his teachings  WHAT A JOKE.  IF CONGRESS had followed it  India would have been a better place 5000 SIKHS NEED NOT HAVE BEEN BUTCHERED. AMETHI GAVE YOU A LESSON.",visit statue sri vivekananda ji not mean follow teaching joke congress follow india would well place 5000 sikh need not butcher amethi give lesson,negative,critisism
tweets_boomlive_in,"The Congress said that the aim of the yatra was to unite the country on certain problems faced by the country.

#RahulGandhi #BharatJodoYatra #Congress 
https://t.co/VSPXLaqHG4",congress say aim yatra unite country certain problem face country,negative,critisism
tweets_moini_565,"Shri Ghulam Nabi meeting Shri Amit Shah and Shri Samant Kumar at Amit Shah residence before leaving Congress Party,
#IndiaSave Run the traitors of the country And Save the Country #BharatJodoYatra https://t.co/BpbTOcOihU",shri ghulam nabi meeting shri amit shah shri samant kumar amit shah residence leave congress party run traitor country save country,negative,critisism
tweets_SevadalBUD,"Feeling safer than ever with the additional security!

#BharatJodoYatra https://t.co/dQM3kO0eRt",feel safer ever additional security,positive,
tweets_RupenderUP1,"Just keeping giving such befitting replies üòÇ
#BharatJodoYatra https://t.co/VyFn9UeNE4",keep give befitting reply,positive,
tweets_ashiscray,"LIVE from #Kerala. @INCIndia's #BharatJodoYatra @bharatjodo led  by @RahulGandhi. A gigantic mass contact, mass consciousness campaign. Not on a fancy makeshift chariot. A 3,500 km walk to unitea divided India! Staggering! @INCTamilNadu @INCKerala https://t.co/DmEKs9dPaB",live lead gigantic mass contact mass consciousness campaign not fancy makeshift chariot 3500 km walk unitea divide india staggering,positive,
tweets_INC_Television,"Common GOALS!

The #BharatJodoYatra kick-started today with a wholesome interaction between Rahul Gandhi and young footballers in Kerala.

We all walk to ensure their tomorrow is- better. https://t.co/wmdZuPCwRd",common goal kickstarted today wholesome interaction rahul gandhi young footballer kerala walk ensure tomorrow well,positive,
tweets_NandiniRajawat7,"We need to fight the Sanghis and we need to stand up for every Indian.

#BharatJodoYatra #Sanghis https://t.co/FEKunes5bH",need fight sanghis need stand every indian,negative,hate
tweets_AjitsinhJagirda,"@GSNarayan1960 @SweetBandit108 @AnilNagrani6 @nkjohri @Ravichiruvolu1 @apurvaparikh18 @Amaresh45814810 @Bhupendra26 @dharmvir_9 @ugotbala @sukumaranlens @AgrawalSadhuram @ArunDeshpande20 @Savitritvs @sureshseshadri1 @NetaNiyanta @vbanno @Dr_MR_Satapathy @ChowkidarChokra @Visalmama @Anandi_sanatani @_ankahi @LoveBharatvarsh @bgopu1973 @umeshctyagi @nalini51purohit @swetashandilya @keeranl @AAshaRathod @SanskarBarot @Satishrathod100 @Am_dilip1 @Anju1951Purohit @Resurgent_India @shytigress @sbk1963 @SharmaJyots @GenPanwar @MeghUpdates @RameshwarAryaji @MediaHarshVT @sambitswaraj @RagiSangit @AmanChopra_ Vatican flag is seen at #Vizhinjam port protest at Trivandrum. This shows who are behind this protest. They visited RahulGandhi today
#BharatJodoYatra or
#BharatTodoYatra ?

It's #ChristiansAgainstIndia like Islamic terrorists in guise of protests. https://t.co/N2PGwecyd3",vatican flag see port protest trivandrum show behind protest visit rahulgandhi today like islamic terrorist guise protest,negative,hate
tweets_Voiceofmythoug1,"@americai @dmk_raja @INCTamilNadu @KS_Alagiri @INCIndia @CMOTamilnadu @RahulGandhi @anand_srini @MKumaramangalam know why congress is failing?
Having this kind of people in your party who is being mouth piece of bjp&amp;rss.having  these people in party .how will
opposition unite or india unite #BharatJodoYatra ? If this is congress.i won't vote for it",know congress fail kind people party mouth piece bjpamprsshaving people party opposition unite india unite congressi wont vote,negative,critisism
tweets_rvelichapat,"@GauravPandhi @pinarayivijayan 1. Availability of ambulances on call which is a good sign
2. #BharatJodoYatra and all other vehicles and procession give way to ambulances on priority which is a sign of educated community. 
#proudmalayali",1 availability ambulance call good sign 2 vehicle procession give way ambulance priority sign educate community,positive,
tweets_XSingam,@BJP4India @sambitswaraj It is Sambit who is creating a violent campaign against #BharatJodoYatra which is happening in a peaceful manner with Common people taking part voluntarily #DARRGAYABJP,sambit create violent campaign happen peaceful manner common people take part voluntarily,negative,hate
tweets_Gurda_Kaleja,#BharatJodoYatra Movement is disaster for RSS!! ü§û https://t.co/abIBAgjcRi,movement disaster r,negative,
tweets_AbdulMajid_inc,Driving force behind #BharatJodoYatra üáÆüá≥. The smile says it all.                             @INCIndiaLive @rohanrgupta @RahulGandhi @OfficeOfKNath https://t.co/tUKeF31SeX,drive force behind smile say,positive,
tweets_ShivMehra07,"@kap_bee
He is there
A Leader, 
A True Gentleman,
What You Need In PM?? 
Manipulator,
Emotionless,
Lier,
Troller,
Propagator,
Or You Need A Simple &amp; Sober Man With Lots Of Respect &amp; Pain For Our Countrymen To Lead You,
#MyLeaderRahulGandhi 
#BharatJodoYatra https://t.co/0MqZL4iRrq",leader true gentleman need pm manipulator emotionless li troller propagator need simple sober man lot respect pain countryman lead,positive,
tweets_terence_fdes,"@Puneetvizh @TweetInder @SamHarris2429 @shuchitasrivast @JoeSaldanha @Trendsetting123 @SethLalits @Ajaykumar00009 @KJSingh12518759 @ronaldrajanna @priyankagandhi @fredhamilton @LambaAlka @RahulGandhi @pathan_neamath @SaddamSamsadINC @geetv79 @kukk44 @SujataIndia1st @psmanwatkar @priyapyadav18 @watdehel @PadmraniK @rkmarar9 @WeThePeople3009 @shubhshaurya1 @inbred_mind @Subytweets @ranjona @Malz59408224 @mrsinghCricUmp @Aakar__Patel @silvestercliff @tjose66 @RaniPadmaK @09mitali @aniljames65_inc @nandtara @Alwynmoras4870 @75 @PriyaaReturnz @ManojMehtamm @BN34772728 @priyankac19 @Pawankhera @kap_bee @AliyaAbbas @NayakRagini Why are they so rattled üò±üòÜ
Remove tweet on burning shorts: BJP to Congress
#BharatJodoYatra https://t.co/ip1j5xgl7A",rattle remove tweet burn short bjp congress,negative,critisism
tweets_Trendsetting123,"@anushakunmittal @Pawankhera @RShivshankar @navikakumar @PadmajaJoshi @_pallavighosh @INCTharoorian @ShashiTharoor @PriyaaReturnz @narendramodi @bole_bharat @FreedaNicholas @mynameswatik @adarshdevaraj And When I saw the previous clip of the #BharatJodoYatra , I was reminded of the scene from the film Benhur

Take a look

Shame #GodiMedia for being silent on #BharatJodoYatra 
We will fight it out without u

@SujataIndia1st @RaniPadmaK @Jairam_Ramesh @GouravVallabh @aayeff1 https://t.co/hXEvRgOtqU",saw previous clip remind scene film benhur take look shame silent fight without u,positive,
tweets_SevadalKL,"Another interesting visual a senior citizens joined the #BharatJodoYatra only for the sake of our country and Shri @RahulGandhi 
@RGWayanadOffice https://t.co/Iaef9eYTmd",another interesting visual senior citizen join sake country shri,positive,
tweets_nmleo1,"#thoughtleadership: #BharatJodoYatra #KartavyaPath Se-III
I want to strengthen the atmosphere of #Unity , I want to free people from #hatred. Resentment should go..., there should be no rivalry..., it should be removed from the entire country- @narendramodi 20Nov2011
@RahulGandhi https://t.co/X0N1UgWo9t",seiii want strengthen atmosphere want free people resentment go rivalry remove entire country 20nov2011,positive,
tweets_Akhil_Mdass,"Spread love
#BharatJodoYatra .",spread love,positive,
tweets_SevadalKPT,"Glimpse‚Äôs from Kerala , the #BharatJodoYatra in a single frame.

#BharatJodoYatra https://t.co/QgKgIwnSwc",glimpse kerala single frame,positive,
tweets_kcjoseph99,@vdsatheesan #BharatJodoYatra is the biggest massive people‚Äôs movement Kerala has ever seen,big massive people movement kerala ever see,positive,
tweets_ChowdharyDeepak,"@gurdeepsappal It may also be possible that an ambulance is being deliberately sent on the route of the #BharatJodoYatra, an ambulance may get stuck in this yatra and this yatra can be maligned! BJP and opponents can stoop to any extent.",may also possible ambulance deliberately send route ambulance may get stuck yatra yatra malign bjp opponent stoop extent,negative,hate
tweets_NSUICG,"Day 6 of #BharatJodoYatra began from Kazhakkoottam in the outskirts of Thiruvananthapuram. The padayatra has just reached the morning break point at Mamom near Attingal, where there will be a number of interactions with different groups. https://t.co/sKKhQv9WJr",day 6 begin kazhakkoottam outskirt thiruvananthapuram padayatra reach morning break point mamom near attingal number interaction different group,positive,
tweets_Arshi_E_Sid,Some terrible planning must be cooking in the BJP quarters to counter the #BharatJodoYatra,terrible planning must cook bjp quarter counter,negative,hate
tweets_sanjukta,"Day 6 of #BharatJodoYatra. T-shirt ho gaya, Hindu-Muslim ho gaya. Sorry, this time it was Hindu-Christians. BJP came up with anything new yet? Cost of @RahulGandhi's shoes maybe? @amitmalviya running out of ideas in just 6 days?",day 6 tshirt ho gaya hindumuslim ho gaya sorry time hinduchristians bjp come anything new yet cost shoe maybe run idea 6 day,negative,critisism
tweets__Prashanth_23,"There is a tide of emotions,
Patriotism is countless!

#BharatJodoYatra üáÆüá≥ https://t.co/Q9YulKc5V8",tide emotion patriotism countless,positive,
tweets_achi_suja,"Nice to see many journalists , activists and neutralists having  so much clarity on #BharatJodoYatra. Not even congressiz are defending RG like this. Must watch .üëè‚ù§Ô∏èüî•
#RahulGandhi
#Rahul_Gandhi https://t.co/vBGPnOXi0o",nice see many journalist activists neutralists much clarity not even congressiz defend rg like must watch,positive,
tweets_pitchaijohn1961,"Sanghis got burnt.
It is very funny to see Sanghis jealous.

Rahul's yatra is successful even in very early stage. 

By end of Yatra, BJPians will be out of steam.

Congress's victory is confirmed now in 2024.

Rahul's Yatra is uniting India.
Rahul's yatra wins.
#BharatJodoYatra https://t.co/lMNPgjbUtx",sanghis get burnt funny see sanghis jealous rahuls yatra successful even early stage end yatra bjpians steam congress victory confirm 2024 rahuls yatra uniting india rahuls yatra win,negative,hate
tweets_politic002,"üì¢üì¢üì¢

Looking for *#BharatJodoYatra üáÆüá≥* exclusive content at one place?ü§î

Tap on the link and join the Bharat Jodo Yatra Official Telegram Channel to access and amplify the historic moments from Bharat Jodo Yatra with Rahul Gandhi.

Subscribe Now üëâüëâ : https://t.co/Q0n22N89JL",look exclusive content place tap link join bharat jodo yatra official telegram channel access amplify historic moment bharat jodo yatra rahul gandhi subscribe,positive,
tweets_NSUIDelhi,"The enthusiasm of all the Padyatris &amp; the people of Kerala has been exceptional. 
Early morning scenes from Thiruvananthapuram.
#BharatJodoYatra üáÆüá≥ https://t.co/0RpbAL17Rm",enthusiasm padyatris people kerala exceptional early morning scene thiruvananthapuram,positive,
tweets_AI_Neurologist,"@INCIndia This #BharatJodoYatra has taken an emotional turn.

My eyes are wet while typing this reply. ü•∫ü•≤",take emotional turn eye wet type reply,positive,
tweets_madshumanbeing1,"Shri @GauravPandhi caught up with this girl during #BharatJodoYatra and offered help,she said
""Ladki Hoon Lad Sakti Hoon""
27 years old Parvati Sahu from Chhattisgarh decided last Sunday she should join #BharatJodoYatra and now she is traveling on her own. https://t.co/qDdyRRTPKX",shri catch girl offer helpshe say ladki hoon lad sakti hoon 27 year old parvati sahu chhattisgarh decide last sunday join travel,positive,
tweets_nrynshny,"‚ÄúSome people set fires wherever they go, and have mastered the art of playing the burn victim.‚Äù
#SteveMaraboli ‚Å¶@sambitswaraj‚Å© #BharatJodoYatra https://t.co/aMfoVr3uqQ",people set fire wherever go mastered art play burn victim,positive,
tweets_Mohan08417213,"This is the way we should join to unite India. 
#BharatJodoYatra , @INCIndia https://t.co/SRzJyXaCYw",way join unite india,positive,
tweets_AlluKaza,"@rejitweets commies will rule kerala for next 10 years,

and BJP will rule india for next 30 years,

pappu leads congres there is no come back,

#BharatJodoYatra Is To Secure Pappus Prime Minister Seat Of Wayanad",commie rule kerala next 10 year bjp rule india next 30 year pappu lead congres come back secure pappus prime minister seat wayanad,negative,hate
tweets_TWTW_Official,"#WATCH: How far will the #BharatJodoYatra take @RahulGandhi in his political career? All this and much more with @Broacha_Cyrus Ft. @kunal_vijayakar @mohitmahale on @CNNnews18 via @YouTube 
LINK: https://t.co/dNlZXSPhtK https://t.co/02TZmt07Q7",far take political career much ft via link,positive,
tweets_BhalkeMadhav,"@RahulGandhi is Congress
Congress is secular 
Secular is Bharat
Bharat is India. 
#BharatJodoYatra https://t.co/oTSD8IYM5A",congress congress secular secular bharat bharat india,positive,
tweets_ShashiK_Sharma,@INCIndia #Model  - unite #India with love and affection. Take whole country forward with holistic development and welfare of all section of the society.  #BharatJodoYatra @RahulGandhi ji @ashokgehlot51 ji #MustReadEditorial https://t.co/9SslWiLLgY,unite love affection take whole country forward holistic development welfare section society ji ji,positive,
tweets_SukantaPhdNou,"Great Respect &amp; Honor for A Person showering unbelievable Love &amp; Kindness - He is Rahul Gandhi Sir!
#BharatJodoYatra  @RahulGandhi https://t.co/nc3DYs9Nlu",great respect honor person shower unbelievable love kindness rahul gandhi sir,positive,
tweets_tehijacob,"Modi Ji called himself ""chai wala,"" but nobody saw him having chai with aam janta. 

Rahul Gandhi is right now winning every heart by meeting people over a cup of chai. 

#BharatJodoYatra #CongressParty #BJPFailsIndia #BJPfails #ModiFailedIndia",modi ji call chai wala nobody saw chai aam janta rahul gandhi right win every heart meeting people cup chai,positive,
tweets_seethakkaMLA,"üî•Some say he hugged a Muslim but I say he hugged a thanked old Aged mother with love and gave her water for joining him in #BharatJodoYatra..

@RahulGandhi @priyankagandhi @digvijaya_28 @Jairam_Ramesh @SachinAhimsa @Pawankhera #RahulGandhi https://t.co/5BIMQtipv8",say hugged muslim say hug thanked old age mother love give water joining,positive,
tweets_NageshraoH,"@drthomasisaac Because RSS has the highest number of shakhas in Kerala.
Give me one reason why you cannot support, if not join, #BharatJodoYatra wholeheartedly?
What is your agenda?
We are constrained to ask the question is your agenda in sync with that of BJP/RSS?",r high number shakhas kerala give reason not support not join wholeheartedly agenda constrain ask question agenda sync bjprss,positive,
tweets_thefirstindia,"#FIJaipur | ‚ÄòBJP is shocked by Bharat Jodo Yatra, making strange statements‚Äô

READ:https://t.co/oDqpLPGm9A

#Rajasthan #Jaipur #Alwar #BharatJodoYatra #JitendraSingh @RahulGandhi  @INCRajasthan @INCIndia https://t.co/8bIQ24IvHt",bjp shock bharat jodo yatra make strange statement read,positive,
tweets_Xenohadi,"RT @ani_digital: Congress' Bharat Jodo Yatra enters 7th day

Read @ANI Story | https://t.co/DNNAjuD6Dn
#Congress #BharatJodoYatra #RahulGandhi #LoksabhaElection2024 https://t.co/5NBYNExxAG @PMOIndia #xenoh",rt congress bharat jodo yatra enters 7th day read story,positive,
tweets_BabuKhan123456,"Chronology samjhye :
Bharat Jodo Yatra in Kerala: 18 days 
And Biggest state of India,UP : 2 days 
üòÖü§∑‚Äç‚ôÇÔ∏è
I'm just saying it no politics here
#BharatJodoYatra",chronology samjhye bharat jodo yatra kerala 18 day big state indiaup 2 day im say politics,positive,
tweets_sksaran2163,#BharatJodoYatra @bindsssInvestor @DoctorAjayita Forever young Forever love seeker. https://t.co/OUOsC927qO,forever young forever love seeker,positive,
tweets_madhyamam_eng,Third day of Kerala leg of Bharat Jodo Yatra began with strong turnout #Kerala #congress #rahulgandhi #BharatJodoYatra https://t.co/tCkFp2RghC,third day kerala leg bharat jodo yatra begin strong turnout,positive,
tweets_SevadalKL,"@GauravPandhi is getting inspiring stories for everyone to incorporate this time a Retired 60 year old all the way from Haryana walking for a better and safe India for others with his luggage and health issues , this is #BharatJodoYatra 
@Jairam_Ramesh 
@RGWayanadOffice https://t.co/TKXf4ZBE5y",get inspire story everyone incorporate time retire 60 year old way haryana walk good safe india others luggage health issue,positive,
tweets_NewIndianXpress,"The #RSS has lashed out at Congress' #BharatJodoYatra and said that if the elements engaged in unifying India are based on hatred then the exercise would look like a political gimmick.

https://t.co/b84kL3Ap76",lashed congress say element engage unify india base hatred exercise would look like political gimmick,positive,
tweets_VinayaKantRai2,"#BharatJodoYatra CHANGING CLOTHES THREE TIMES A DAY
IS MUCH BETTER
THAN 
DOING SAJDA BEFORE HIGH COMMAND 
AT LEAST 3 TIMES A DAY
OTHERWISE FEAR OF BEING IGNORED BY HC
@narendramodi_in 
@AmitShah 
@myogiadityanath https://t.co/2DxEZwQ2t3",change clothes three time day much well sajda high command least 3 time day otherwise fear ignore hc,negative,critisism
tweets_KishanTanwar10,"@INCIndia @RahulGandhi Jai Congress Vijay Congress
#BharatJodoYatra",jai congress vijay congress,positive,
tweets_KishanTanwar10,"@INCIndia Congress Party Jindabad
#BharatJodoYatra",congress party jindabad,positive,
tweets_Trendsetting123,"@anushakunmittal @Pawankhera @RShivshankar @navikakumar @PadmajaJoshi @_pallavighosh @INCTharoorian @ShashiTharoor @PriyaaReturnz @narendramodi @bole_bharat @FreedaNicholas Shameless #GodiMedia 
U can Stew in your hate, Rahul is a #Trendsetter, he does not need a spineless, sold-out Media like u people

But remember what will u answer your people when they ask u, what did u do to save this country

#BharatJodoYatra 

@mynameswatik
@adarshdevaraj https://t.co/STCp2BziNg",shameless u stew hate rahul not need spineless soldout medium like u people remember u answer people ask u u save country,negative,critisism
tweets_M_author,"They think wishfully a chanced pic with pappu byaiya might change their life. They don't know it's like a dream that will never be fulfilled. Pappuji won't recognize them after yatra and INC is already helpless. 
#Truth 
#TruthOrDare 
#BharatJodoYatra https://t.co/AqZac0xEd9",think wishfully chance pic pappu byaiya might change life dont know like dream never fulfil pappuji wont recognize yatra inc already helpless,negative,critisism
tweets_KibaVenisha,"Their love and trust keep the Padyatris motivated to fight for an inclusive Bharat. ‚ù§Ô∏è
#BharatJodoYatra üáÆüá≥ https://t.co/06NlmviPRN",love trust keep padyatris motivated fight inclusive bharat,positive,
tweets_Appledo13569910,lol. this news channel is showing this chamgaadar more than rg and #BharatJodoYatra ... bjp has its bets placed on this chamgaadar for sure in upcoming gujarat election to get the opposition votes split by him. üòù https://t.co/M0hnYI8Gf8,lol news channel show chamgaadar rg bjp bet place chamgaadar sure upcoming gujarat election get opposition vote split,negative,hate
tweets_NavjyotiPatnaik,"‚ÄúHappiness is when what you think, what you say, and what you do are in harmony.‚Äù
~ Mahatma Gandhi

Let‚Äôs unite India from Kashmir to Kanyakumari to make her every person happy! #BharatJodoYatra https://t.co/aJmd5K18Vh",happiness think say harmony mahatma gandhi let unite india kashmir kanyakumari make every person happy,positive,
tweets_Mohan08417213,"@AamAadmiParty 's misinformation, fake propaganda out of public funds, #Curruption, communal hate politics.. R in the public domain. Farce, inefficiencies can't be wrapped. It has to come out. 
#BharatJodoYatra , @RahulGandhi . https://t.co/eEsUxIkFFz https://t.co/mrKhekHREL",misinformation fake propaganda public fund communal hate politics r public domain farce inefficiency cant wrap come,positive,
tweets_MDKareemWadi,"With every step we take in #BharatJodoYatra, India moves forward with us. Step by step.. we get closer to development, progress, growth, &amp; a peaceful &amp; glorious nation. https://t.co/z6pHj9tTEW",every step take india move forward u step step get close development progress growth peaceful glorious nation,positive,
tweets_vinushareddyb,"After 145 days @INCIndia will be further weakened
Even after 145 years @RSSorg will work for Bahrat mata with support of patriots
Shame on #Rahulgandhi 
#BharatJodoYatra is a sham https://t.co/vjYR3Y1WXs",145 day weaken even 145 year work bahrat mata support patriot shame sham,positive,
tweets_SevadalMB,"Another inspiring and motivating story of 27 year old Chhattisgarh women Parvati, walking all alone , Shri @GauravPandhi caught up with her during #BharatJodoYatra When he offered help, she said ‚Äú ladki hu lad sakti hu‚Äù

Salute to her spiritüëçüôè‚ù§Ô∏è https://t.co/FgvEPdkx5L",another inspire motivate story 27 year old chhattisgarh woman parvati walk alone shri caught offer help say ladki hu lad sakti hu salute spirit,positive,
tweets_KJSingh12518759,"#Modi is a very petty politician, a street urchin, nothing more.

#BharatJodoYatra 
#‡§≠‡§æ‡§∞‡§§_‡§ú‡•ã‡§°‡§º‡•ã_‡§Ø‡§æ‡§§‡•ç‡§∞‡§æ https://t.co/6EEEvJrS61 https://t.co/vZEUZBhP3y",petty politician street urchin nothing,negative,hate
tweets_logical_INC,"Hello BJP Kerala, since you guys master in forming government without having majority can please make k e in Kerala too just for next 15 days

#BharatJodoYatra is from Kanyakumari to Kashmir by foot (not by auto rickshaw) so it take 20 dyas to cross kerala. https://t.co/o2c5A9Cml8",hello bjp kerala since guy master form government without majority please make k e kerala next 15 day kanyakumari kashmir foot not auto rickshaw take 20 dyas cross kerala,negative,hate
tweets_Arasu2021,"@Pawankhera @SupriyaShrinate @Jairam_Ramesh @INCIndia
@srinivasiyc

Can you please take action on this man? He's deliberately undermining Rahul Gandhi and the #BharatJodoYatra for the last few days and endorsing even fake news like the one from @smritiirani

#EnoughIsEnough https://t.co/503MZKJEkK",please take action man hes deliberately undermining rahul gandhi last day endorse even fake news like,positive,
tweets_ShrayesRM,"From Cycle Yatra to Padyatra, the love and support of the people remain intact.""

#YatraStories 
#BharatJodoYatra üáÆüá≥",cycle yatra padyatra love support people remain intact,positive,
tweets_DrAMSinghvi,"Extreme trads are like extreme left loonies. There is a global left right full circle spectrum Hitler = Mussolini = Stalin = Mao. That's what makes Indians inherently unique, they don't tolerate, they integrate. #BharatJodoYatra",extreme trad like extreme leave loony global leave right full circle spectrum hitler mussolini stalin mao thats make indian inherently unique dont tolerate integrate,positive,
tweets_teegeekay62,@GauravPandhi @RahulGandhi @priyankagandhi Awesome - the determination. So heartening to see so many youngsters during this #BharatJodoYatra.  Gives a lot of hope that all is not lost yet.,awesome determination hearten see many youngster give lot hope not lose yet,positive,
tweets_hjmainuddin,Met KPCC minority state president and Mlc  Janab k @AbdulJabbarINC ji at his residence Davangere and  Received blessings and guidance Along with District Waqf board chairman Mohammad siraj sab  Jawahar Bal Manch Jawahar Bal Manch - Karnataka #BharatJodoBaccheJodo #BharatJodoYatra https://t.co/h1nJdaz7YO,meet kpcc minority state president mlc janab k ji residence davangere receive blessing guidance along district waqf board chairman mohammad siraj sab jawahar bal manch jawahar bal manch karnataka,positive,
tweets_DrAMSinghvi,I don't understand this obsession with civilizational dating. The world is an immigration cycle started from Africa. India is a civilization itself &amp; all who integrated are Bhartiyas despite their own diverse practises. That is unity in diversity. #BharatJodoYatra,dont understand obsession civilizational date world immigration cycle start africa india civilization integrate bhartiyas despite diverse practises unity diversity,positive,
tweets_Mohan08417213,"The stooges,,@AamAadmiParty planted n nurtured by @BJP4India , @RSSorg   definitely is equal to or worse, which have been proved. Ur lies, jhumle, farce, fraudulent means tormented India.
#BharatJodoYatra cementing, uniting India. 
@RahulGandhi , @INCIndia . https://t.co/eEsUxIkFFz https://t.co/ibWKPUM7bW",stooge plant n nurtured definitely equal worse prove ur lie jhumle farce fraudulent mean torment india cement uniting india,negative,critisism
tweets_rg_0452,#BharatJodoYatra #BharatJodoBegins #bharatjodo #rahulgandhi #CongressNuKaamBoleChe #congress #todonahijodo #GujaratElections2022 #HimachalPradesh  #Gujarat  vote for congress save Gujarat and Himachal Pradesh from bjp https://t.co/wWpAMccmIj,vote congress save gujarat himachal pradesh bjp,positive,
tweets_DhivCM,"And we smile, hold hands and keep on walking ‚ô•Ô∏è #BharatJodoYatra (n/n)",smile hold hand keep walk nn,positive,
tweets_DhivCM,"Organisers at the campsite sometimes run short of things but they never run short of patience &amp; kindness. Yatris, on the other hand, have toned down their demands and there‚Äôs an overall sense of appreciation and gratitude. (4/n) #BharatJodoYatra",organiser campsite sometimes run short thing never run short patience kindness yatris hand tone demand overall sense appreciation gratitude 4n,positive,
tweets_kulkarnibhaai,"@minicnair Not even Country Division or Emergency kind of situation had shaken ideology &amp; firmness of RSS &amp; BJP for later, what the hell #BharatJodoYatra do?

You live in your own La La Land Mini, don't you.",not even country division emergency kind situation shake ideology firmness r bjp later hell live la la land mini dont,negative,critisism
tweets_TheSiasatDaily,The @INCindia leaders marched along the streets without an umbrella when it was raining. https://t.co/2G2gr91Zpt #BharatJodoYatra,leader march along street without umbrella raining,positive,
tweets_SevadalSTA,Listen to some of the yatris.This is what they said about Shri @RahulGandhi ji and #BharatJodoYatra https://t.co/yWDqIrbdxG,listen yatristhis say shri ji,positive,
tweets_rajeshnirmal12,"Day- 7 #BharatJodoYatra 
After getting wet himself, he gave his umbrella to save a small child from the rain, the real hero of the country, @RahulGandhi. https://t.co/AIThF2a6Lb",day 7 get wet give umbrella save small child rain real hero country,positive,
tweets_kind_indian,"...in six decades, India will disintegrate. I gave cogent reasons and a convincing chronology. We are in that sixth decade ‚Äî 2020 to 2029 ‚Äî now and what I stated then appears to be coming true...

https://t.co/tb9te3abiC #BharatJodoYatra",six decade india disintegrate give cogent reason convince chronology sixth decade 2020 2029 state appear come true,positive,
tweets_Gautam_Kashyap3,"@ndtv @ndtv we will you finish you first.. 

Have no doubt about it. 

As for #Kejriwal, he will be finished my his master's themselves. 

#BharatJodoYatra",finish first doubt finished master,negative,critisism
tweets_SevadalKL,"A small boy joined for the cause a United India #BharatJodoYatra with his guardian, despite light drizzle https://t.co/9HL8MyHwIg",small boy join cause united india guardian despite light drizzle,positive,
tweets_Rafan_Carrie,"@NarundarM And that too good one!
The images shared by RaGa are very heartwarming. Kudos to the photographer for capturing those.
#BharatJodoYatra",good image share raga heartwarming kudos photographer capture,positive,
tweets__Prashanth_23,"Our intention is not to be shaken by the blisters of the feet, but like a rock.

Will keep burning on the path of struggle, is our promise to India.

#BharatJodoYatra https://t.co/8I9SeaH7tr",intention not shake blister foot like rock keep burn path struggle promise india,positive,
tweets_tfranztrueindia,"@Jairam_Ramesh Ignore these ignoramuses. Dogs bark, but the caravan goes on!
Jai ho #BharatJodoYatraü§ùü§ùü§ù ki! 
Jai ho Rahul Gandhi ki!üëçüëçüëç
#PowerToCongress which is the only hope of this land of diversity.",ignore ignoramus dog bark caravan go jai ho ki jai ho rahul gandhi ki hope land diversity,negative,critisism
tweets_monika__shah,"#BharatJodoYatra is not to bring the Sanghis into their fold. They will keep making fun of it.

It is to being together people who are against the hate politics of BJP and they are almost 70% of them.",not bring sanghis fold keep making fun together people hate politics bjp almost 70,positive,
tweets_gangaram_raju,"Rahul Gandhi is the only leader who can unite India with his love, empathy, honesty and humanity. #BharatJodoYatra https://t.co/BQPXB8HM7V",rahul gandhi leader unite india love empathy honesty humanity,positive,
tweets_55659754Bhaskar,"@hisamuddink51 @navin4nation @Ahimsa1616 @Hisamud47588796 @SinghRakeshKu14 @indianposten @VibrantDemocra2 @mangellife29 @Chandra51364237 @LoveIndia939791 @SharrmaPoonam @_Mahakal_D_ @saifi_111 @SudhirDevSharma @nareshsharma107 @JitendraManoha6 @RajeshS50119232 @AnilKum04619533 @aj23004007 @SavitaSikarwar @ADiravia @rajeshpatnawale @Ramesh270549 @Prabhat39441267 @RajivSi45818862 @Monaji58641983 @Naseem_Mbd @HashmatRuhul @BarunBasuthakur @Pandey13K @VinodKu51806624 @SinghDe41846382 @patwalr336 @MuzaffarIslam11 @MdtajKohri5 @RajaRajavira @MdIqbal64955168 @PatnawalaRajesh @SanjayP46456817 @Shakeelsayed14 @ajswal1a @RajeshK83114811 @trikal_darshi7 @Drkodwate_INC @IndiaAwakened_ @AbhiINCIndia @2Suhana25 @JayNath91591973 Good luck and success for...
#BharatJodoYatra",good luck success,positive,
tweets_SevadalGBN,@RahulGandhi having tea while interacting with the local public at the simple local  hotel during #BharatJodoYatra https://t.co/Vm8Svj0uwE,tea interact local public simple local hotel,positive,
tweets_mr_a_ghosh,"Do you see that, there is no tension, walking, talking, discussing &amp; smiling. It should be like this! #BharatJodoYatra 
https://t.co/Fob5CvTX8N",see tension walk talk discuss smile like,positive,
tweets_Marcusbharat,"@VinodSharmaView @AnshumanSail #‡§≠‡§æ‡§∞‡§§_‡§ú‡•ã‡§°‡§º‡•ã_‡§Ø‡§æ‡§§‡•ç‡§∞‡§æ 
#BharatJodoYatra is now transforming  itself into a Festival for every age
https://t.co/m1YovjpJXN https://t.co/AtjBWNWJFB",transform festival every age,positive,
tweets_Kishan591,"Aggressive @INCIndia is responding to @BJP4India with tougher attitudes than before earlier Cong who used to come on defensive r now attackers on those issues 

Whether it's tarnishing image of @RahulGandhi, Nationalism, #BharatJodoYatra or any other issue https://t.co/djq6iZbXXa",aggressive respond tough attitude earlier cong used come defensive r attacker issue whether tarnish image nationalism issue,positive,
tweets_bindu_bharti,"@INCIndia @RahulGandhi #BharatJodoYatra üáÆüá≥üáÆüá≥... All the best INC, be election ready...",best inc election ready,positive,
tweets_Barman_002,"Congress group that helped destroy Sri Lankan Tamils ‚Äã‚Äãis now Marching towards unity 
#BharatJodoYatra  ‡Æï‡Øä‡Æü‡ØÅ‡ÆÆ‡Øà https://t.co/0qOCfomHiR",congress group help destroy sri lankan tamil march towards unity,negative,hate
tweets_thetribunechd,"#Watch: Third day of #Kerala leg of #BharatJodoYatra commences amidst encouraging turnout
@RahulGandhi @INCIndia 

https://t.co/CEPpmnKzQQ https://t.co/Jy42DWINp6",third day leg commences amidst encourage turnout,positive,
tweets_Vivekk303,"@catale7a @Vivekk303
üòÄLook #INC &amp; #BharatJodoYatra  Road map (From Kashmir to Kanyakumari) this is Entire Bharat according to them that's it! üòÄ
Plz Don't ask how many actually Kms walked üë£ more than Yatra it looks like Congress Jatra (Mela). https://t.co/fqJD7vZDuE",look road map kashmir kanyakumari entire bharat accord thats plz dont ask many actually kms walked yatra look like congress jatra mela,negative,critisism
tweets_INC_Television,"‚ÄòIndia can only be saved by Rahul Gandhi‚Äô - the love reverberates through the streets of Kerala.

#BharatJodoYatra https://t.co/rPuPs3OqIF",india save rahul gandhi love reverberate street kerala,positive,
tweets_Vignesh_TMV,"@BJP4India Unity in Diversity is what Congress Party stands for.

#BharatJodoYatra https://t.co/DGvEUixyv2",unity diversity congress party stand,positive,
tweets_lab_loyal,"The proponents of #BharatJodoYatra created #PlacesOfWorshipAct to ensure #Muslims can continue to spit on #Hindu natives of the country by sitting on their temples.

@RahulGandhi and #CongressMuktBharat are the ones who ensured Hindus are third grade citizens in their own country",proponent create ensure continue spit native country sit temple ensure hindus third grade citizen country,negative,hate
tweets_LtColAnilDuhoon,"#BharatJodoYatra is a positive step for sure for @INCIndia . 
- Must avoid targeting any political party.
- Raise pitch to unite the divide in society.
- Rooftop shouts for unemployment and price rise.
- Focus on local leaders and NOT on selected few leaders during yatra.",positive step sure must avoid target political party raise pitch unite divide society rooftop shout unemployment price rise focus local leader not select leader yatra,positive,
tweets_wasim_shaikh10,"Each one of each age walks united with determination to protect the soul of this nation.

#BharatJodoYatra üáÆüá≥ https://t.co/zVJkhbRVdl",age walk united determination protect soul nation,positive,
tweets_SevadalKL,A couple with their  small kids come and join #BharatJodoYatra for a better tomorrow and united India. https://t.co/xyZI8DRR9P,couple small kid come join well tomorrow united india,positive,
tweets_my_fukin_sanity,"Lo ji, judd gaya bharat inka, aur yeh hai mahathugbandhan.. don't mind the typo.. ü§£ü§£ü§£üëá

Left party CPI(M) furious over Rahul Gandhi's Bharat Jodo Yatra, which predominantly covers Kerala.

#BharatJodoYatra 
@SupriyaShrinate ji, thoda apne muu se baas mar do.. ü§£ü§£ü§£ https://t.co/G7raYbNDNU",lo ji judd gaya bharat inka aur yeh hai mahathugbandhan dont mind typo leave party cpim furious rahul gandhi bharat jodo yatra predominantly cover kerala ji thoda apne muu se baa mar,negative,hate
tweets_vivekuksood,"Why single out only silly soul Irani for spreading lies and fakery. Isn‚Äôt her Boss himself the fountainhead of lies bigotry and fakery ??

#BharatJodoYatra https://t.co/DMMUZ64rT8",single silly soul irani spread lie fakery isnt bos fountainhead lie bigotry fakery,negative,hate
tweets_Arasu2021,"In 2014, India did not vote for hindutva, she voted against corruption, for better growth.

&amp; then WhatsApp came to our lives. 

Cut to 2022, narrative is only about Hindutva, the fight against corruption, better growth is all but forgotten.

&amp; then #BharatJodoYatra happened.",2014 india not vote hindutva vote corruption well growth whatsapp come life cut 2022 narrative hindutva fight corruption well growth forgotten happen,negative,critisism
tweets_sumonseng,"Kerala Govt starts implementing 12 hrs #LabourCode 
Is this the reason behind mocking of @RahulGandhi 's #BharatJodoYatra 
by the A team of BJP yesterday?
@Jairam_Ramesh @Pawankhera
@srinivasiyc @kanhaiyakumar
https://t.co/7ZsxaehnQq",kerala govt start implement 12 hrs reason behind mock team bjp yesterday,positive,
tweets_EconomicTimes,"#BharatJodoYatra | BJP slams #RahulGandhi for no-show at freedom-fighter memorial unveiling in Kerala. 

Track latest news and updates | https://t.co/JVwAxRkp72 https://t.co/NrM2tOAniZ",bjp slam noshow freedomfighter memorial unveil kerala track late news update,positive,
tweets_bindu_bharti,@srinivasiyc Very nice #BharatJodoYatra üáÆüá≥üáÆüá≥üáÆüá≥üáÆüá≥üáÆüá≥,nice,positive,
tweets_NaimSir,"@RahulGandhi Ji
@iSubhamAgrawal Thank You... Stay connected...
#BharatJodoYatra https://t.co/vF7NYQMTC0",ji thank stay connect,positive,
tweets_vu2ben,#BharatJodoYatra Luke father like don. Both loved by all and served the people of India selflessly!‚ù§Ô∏è‚ù§Ô∏è‚ù§Ô∏èüôèüôèüôè‚ù§Ô∏è‚ù§Ô∏è‚ù§Ô∏è‚ò™Ô∏è‚úùÔ∏èüïâ‚ú°Ô∏è https://t.co/Z90fFieohz,luke father like love served people india selflessly,positive,
tweets_jogeshkumarsah4,"ONE thing about #BharatJodoYatra is nobody can criticise us that we r doing it for electoral gain becoz it doesn't pass through election going states.. so many godi media anchors rattled about this.. This yatra has only one cause to fight against hate ,unemployment, price hikeüëä",thing nobody criticise u r electoral gain becoz doesnt pas election go state many godi medium anchor rattle yatra cause fight hate unemployment price hike,negative,critisism
tweets_IamSultaan,"Please do not burn it, because it spreads pollution. üôèüèº
Either make a wipe to clean your Car n Bike or the shroud for corrupt Politicians ‚ò†.
#BharatJodoYatra #actofkindness https://t.co/8RllzVV5d0",please not burn spread pollution either make wipe clean car n bike shroud corrupt politician,positive,
tweets_bindu_bharti,@srinivasiyc @RahulGandhi #BharatJodoYatra üáÆüá≥üáÆüá≥üáÆüá≥üáÆüá≥üáÆüá≥üôè‚ù§Ô∏è‚ù§Ô∏è keep spreading smiles and win hearts üôè,keep spreading smile win heart,positive,
tweets_Nation_is1st,"BTW, who is funding the cost of #BharatJodoYatra of the #Congress  ??",btw funding cost,positive,
tweets_SevadalTL,"BJP's failures in providing jobs, improving education, protecting women and driving hate as their tool of rule has led to this day of thousands of Indians marching with #BharatJodoYatra and putting their trust in the Congress party. https://t.co/XMMCOYT4x1",bjps failure provide job improve education protect woman drive hate tool rule lead day thousand indians march put trust congress party,negative,critisism
tweets_GauravPandhi,"Last evening, a meeting with 60 year old Sher Singh ji from Haryana left me speechless. I actually went silent as I walked next to him.

He is enduring the pain, said ‚Äúgod chose me &amp; it will help reduce the pain of people of India‚Äù.

Watch the full video! #BharatJodoYatra https://t.co/zPGqWwAKdF",last evening meeting 60 year old sher singh ji haryana leave speechless actually go silent walk next enduring pain say god chose help reduce pain people india watch full video,positive,
tweets_deobratdmishra,"Always an enlightening experience communicating ideas with the #students. India's future lies in the hands of youth &amp; it is our duty to fulfill their aspirations.
#BharatJodoYatra üáÆüá≥ https://t.co/HWKUS2clvE",always enlighten experience communicate idea indias future lie hand youth duty fulfill aspiration,positive,
tweets_Vignesh_TMV,"Kerala Stands behind Rahul Gandhi strongly.

#BharatJodoYatra https://t.co/NB2eFY49Zl",kerala stand behind rahul gandhi strongly,positive,
tweets_MPYCSEN24,Current Reaction of BJP ... post 6 days of #BharatJodoYatra https://t.co/wEbEgICS6S,current reaction bjp post 6 day,positive,
tweets_FekuBuster,"@krishnak631 @tavleen_singh 10 days ago she was calling it a Padyatra to Nowhere. 

Now she is wondering why her bosses and co-chamchas are unnerved.

This just about sums up the success of #BharatJodoYatra
ü§£ü§£ü§£ https://t.co/ezhUE85Y1Q",10 day ago call padyatra nowhere wonder boss cochamchas unnerve sum success,negative,critisism
tweets_NayakManojSingh,"4th day of the #BharatJodoYatra from Parassala Junction near Thiruvananthapuram in Kerala. 

The turnout of the crowds is huge so early on a Sunday morning! https://t.co/TOQ7Pc8Wyx",4th day parassala junction near thiruvananthapuram kerala turnout crowd huge early sunday morning,positive,
tweets_vu2ben,#BharatJodoYatra @bharatjodo RSS BJP are shocked with the response @RahulGandhi is getting with love from the people of India!üò≥üò≥üò≥‚ù§Ô∏è‚ù§Ô∏è‚ù§Ô∏è‚úä‚úä‚úä https://t.co/ktF3iCQzap,r bjp shock response get love people india,positive,
tweets_MDKareemWadi,"Status video

This 76 year old was in tears when he said congress was in his blood &amp; that‚Äôs the reason he joined Shri.@RahulGandhi ji &amp; #BharatJodoYatra , he said after the @INCIndia coming to power people of India will have a Secure future. https://t.co/cHko0sfFrt",status video 76 year old tear say congress blood thats reason join shri ji say coming power people india secure future,positive,
tweets_mdabid181,"144 days more to go!

Chaddi continues to smokeüòÇ
#BharatJodoYatra https://t.co/mxYzg6QvAG",144 day go chaddi continue smoke,negative,hate
tweets_Gourish01632825,"@VivekMeena_20 @RahulGandhi @INCIndia @IYC @nsui @priyankagandhi @kcvenugopalmp @ashokgehlot51 @AvinashYadav___ @SevadalRJ This is not #BharatJodoYatra, it‚Äôs #BharatTodo and #BharatJalaoYatra. Even @INCIndia has already set the #BharatJalao date.
Seems INC is planning for multiple riots before 2024 election like 1984,Delhi and 2002,Godhra.

Our NIA must keep close watch on @INCIndia to avoid any ..",not even already set date seem inc plan multiple riot 2024 election like 1984delhi 2002godhra nia must keep close watch avoid,negative,hate
tweets_Gautam_Kashyap3,"@tavleen_singh @VD18231409 You must be going bonkers, hey @tavleen_singh!

Photo-frame this Lady. 
#BharatJodoYatra https://t.co/XUYvHGreL9",must go bonkers hey photoframe lady,positive,
tweets_StayingReal0511,"@shaandelhite Wah! Kya baat hain.... A good singer &amp; dancer with an awesome garden üëå
#BharatJodoYatra inspires everyone üëç",wah kya baat hain good singer dancer awesome garden inspires everyone,positive,
tweets_vishnu98500665,"@BJP4India What was your role in freedom struggle? What do you guys did during quit india? Do you have any credibility to speak about freedom struggle.
#Traitors #antinatalist #BharatJodoYatra #rahulgandhi #CongressParty 
@Jairam_Ramesh @digvijaya_28 @RahulGandhi @srinivasiyc",role freedom struggle guy quit india credibility speak freedom struggle,negative,hate
tweets_AbbasHafeez,"The tallest leader of Indian Politics meeting his people. They are scared but now they have a hope.
That‚Äôs RG ‚ù§Ô∏è
#BharatJodoYatra https://t.co/pBtPj3xxfP",tall leader indian politics meet people scar hope thats rg,positive,
tweets_tonybekkal,"Kerala leftists criticising #BharatJodoYatra led by @RahulGandhi . At same time rest of Indian leftists glorifying it.

What a #hypocrisy ü§£",kerala leftists criticise lead time rest indian leftist glorify,positive,
tweets_RoshanLalBittu,"Only useless people question the sincere attempt to connect, love and defeat hate. #BharatJodoYatra https://t.co/fS0yiVo1yU",useless people question sincere attempt connect love defeat hate,negative,critisism
tweets_MDKareemWadi,"#BharatJodoYatra work for our country well being to heal it's soul, so that our nation can progress for the Sake of our future generations. Therefore we will walk together carrying a massage of true faith, to restore the sprit of hope,love,peace, harmony &amp; oneness. https://t.co/UP91K82Cyv",work country well heal soul nation progress sake future generation therefore walk together carry massage true faith restore sprit hopelovepeace harmony oneness,positive,
tweets_GaurishankarM,"Miles to go Before I Sleep...! 
#BharatJodoYatra https://t.co/XIMefs6iWF",mile go sleep,positive,
tweets_sureshalakhpura,"@RahulGandhi ji taking selfie with his young friends in God's own country. Building trust and spreading love- the true essence of @bharatjodo.
#BharatJodoYatra https://t.co/GvSwXqC2e7",ji take selfie young friend god country build trust spread love true essence,positive,
tweets_Sujanian17,"The Sanghis were against the ""Bharat Chhodo"" against the British.

The Sanghis are against the ""Bharat Jodo"" when it's a call to unite India.

@Pawankhera @LambaAlka @SupriyaShrinate

#BharatJodoYatra  üáÆüá≥  #‡§≠‡§æ‡§∞‡§§_‡§ú‡•ã‡§°‡§º‡•ã_‡§Ø‡§æ‡§§‡•ç‡§∞‡§æ https://t.co/seajjkXmzC",sanghis bharat chhodo british sanghis bharat jodo call unite india,negative,hate
tweets_yashir_nawaz,"There is a rose, there is hope and there is trust.
 Our spirits are heavy on this dark dark night.

 #BharatJodoYatra https://t.co/WhEFLlorB7",rise hope trust spirit heavy dark dark night,positive,
tweets_SevadalBUD,"Quit the hatred, leave India Jodo Sanghi BJP power.

#BharatJodoYatra https://t.co/VtVAANJpup",quit hatred leave india jodo sanghi bjp power,negative,hate
tweets_Hillalahmed5,"He is not the Prime Minister of the country but he is a truthful and a beloved leader in everyone's, people get emotional meeting him.

#BharatJodoYatra https://t.co/fOPgEIIn2W",not prime minister country truthful beloved leader everyones people get emotional meeting,positive,
tweets_vishnu98500665,"India became a milk surplus nation in 1989. India surpassed the USA and became the largest milk producer in the world in 1998, a title India continues to hold till date. 

And all credits goes to Dr Verghese Kurian, not Narendra Modi.
#BharatJodoYatra #LieLikeModi https://t.co/byvRiBAKG0",india become milk surplus nation 1989 india surpass usa become large milk producer world 1998 title india continue hold till date credit go dr verghese kurian not narendra modi,positive,
tweets_NayakManojSingh,"Picture Of The Year 
#BharatJodoYatra https://t.co/FXEUxljiTI",picture year,positive,
tweets_FekuBuster,"@RanjitOne @IncisiveScalpel @ajay43 @gs2rji @themaskbeneath @drzehrahusain @INCIndia @RahulGandhi @NitishKumar @ArvindKejriwal @narendramodi Yatra is getting top media coverage.
Every one from IT Cell to Cabinet Ministers to Godi Media is rattled.

Will some nay-sayers among Congress supporters care to admit they were wrong about their skepticism for #BharatJodoYatra??

https://t.co/UYlNRkbh4Q",yatra get top medium coverage every cell cabinet minister godi medium rattle naysayer among congress supporter care admit wrong skepticism,negative,hate
tweets_VijayVinceVahid,"GOLI MARO SALO KO is Spreading Love
Burring Divisive chaddi is Spreading Hate

@BJP4India's hypocrisy
 #BharatJodoYatra",goli maro salo ko spread love bur divisive chaddi spread hate hypocrisy,negative,anti-national
tweets_SevadalBUD,"Sorry, you sit on the wings of the bulbul and fly
Whether you want to heat a tawa with a crocodile with a drain gas.
You are not going to escape from public radar even in the clouds
high inflation hit
resign modi government

#BharatJodoYatra",sorry sit wing bulbul fly whether want heat tawa crocodile drain gas not go escape public radar even cloud high inflation hit resign modi government,negative,critisism
tweets_Earlarushy,@ishaikhsufiyan @ShefVaidya @RahulGandhi Funniest Joke When BJP Say not to Spread Hate...... #BharatJodoYatra,funny joke bjp say not spread hate,negative,critisism
tweets_SevadalBUD,"There is enthusiasm, there is enthusiasm,
Look, the country is with us!

No matter how many thorns you put in the path,
Didn't stop, didn't stop, won't stop!

#BharatJodoYatra https://t.co/cFcScKTEmd",enthusiasm enthusiasm look country u matter many thorn put path didnt stop didnt stop wont stop,positive,
tweets_PessiVaraprasad,"@rashmigautam27 People like u who only know the language of love &amp; love every living being on Earth should be in Congress. 

Kindly do join #BharatJodoYatra when it reaches #Telangana, my request pls.",people like u know language love love every living earth congress kindly join reach request pls,positive,
tweets_poli_in_india,"Indian National Congress : Padyatris march on as history is being scripted! #bharatjodoyatra https://t.co/o9zgxorFH4 : September 13, 2022 at 11:36AM",indian national congress padyatris march history script september 13 2022 1136am,positive,
tweets_indusscrolls,"Rahul still dreaming about being Prime Minister, says he will make the country hate-free if become PM

@INCIndia @RahulGandhi #Pappu #BharatJodoYatra #BharatTodoYatra @IYC #Congress #CongressMuktBharat 

https://t.co/EyDWrSTs3f",rahul still dream prime minister say make country hatefree become pm,negative,critisism
tweets_SufanRahman,"#Rahul_Gandhi is on #BharatJodoYatra Yatra for uniting India into one which is free from hatred, inequality n injustice

Same time another team is on Yatra to make the opposition powerless and intimidate them so tht dey don't stand against their ruling party masters
#tuesdayvibe https://t.co/laEOjnnUxd",yatra unite india free hatred inequality n injustice time another team yatra make opposition powerless intimidate tht dey dont stand rule party master,positive,
tweets_RiaRevealed,"Its now open for the world to watch  with #BharatJodoYatra that @RahulGandhi is a man with a heart of GOLD and a leader that is inspiring people of all age, caste and creed..
Courtesy @Kanupriya777
 Jai Hind",open world watch man heart gold leader inspire people age caste creed courtesy jai hind,positive,
tweets_RealLifeNobita,"As a politician I don't know anything about Rahul gandhi.. but he is rich, funny, likes to wear branded clothes &amp; he loves to go thailand once in a year.. I wish I could have rahul gandhi as my best friend.. ‚ù§Ô∏è
#BharatJodoYatra #RahulGandhiTShirt",politician dont know anything rahul gandhi rich funny like wear branded clothes love go thailand year wish could rahul gandhi best friend,negative,critisism
tweets_Sethinomics,"@DrVW30 #BharatJodoYatra  is working because the political class is again engaging with the citizens on the ground. 

The party and leaders are getting top news coverage every day, even if the agenda of the media is to try to portray it in negative light.",work political class engage citizen ground party leader get top news coverage every day even agenda medium try portray negative light,positive,
tweets_cspoojachoukse,"This would happen when an uneducated person speaks up without knowing the reality. 
#BharatJodoYatra https://t.co/a5uHkqz59i",would happen uneducated person speaks without know reality,negative,critisism
tweets_shubhshaurya1,"Sanghis are burning with Hate

#BharatJodoYatra https://t.co/T5aW1GSvQl",sanghis burning hate,negative,hate
tweets_SevadalAWR,"Sambit Patra serching for Bournol ü§ê

#BharatJodoYatra https://t.co/97e3eoAhK5",sambit patra serching bournol,negative,hate
tweets_cchandramouli1,"After @AshokChandnaINC, one more @ashokgehlot51 minister @drsubhashg TACITLY targets üéØ d #MigrantPilot! Amid @RahulGandhi's #BharatJodoYatra &amp;upcoming elections4 #CongressPresident, d internal battle involving @SachinPilot in #Rajasthan @INCIndia is bound 2blow beyond repairs! https://t.co/GvUTJFIrSX",minister tacitly target amid ampupcoming elections4 internal battle involve bound 2blow beyond repair,positive,
tweets_VishalcINC,"On 7th day of #BharatJodoYatra as #BharatYatri walked with my beloved leader Shri @RahulGandhi ji and discussed on various students issues across the country, it's clear from Rahul ji's concern about the students that the future of the country will no longer remain in the dark. https://t.co/XL4HPhye8K",7th day walk beloved leader shri ji discuss various student issue across country clear rahul ji concern student future country longer remain dark,positive,
tweets_Maveli_praja,"By turning against cpm, the ultimate motive of #BharatJodoYatra is lost. 

Another master co*k shot by none other than @kcvenugopalmp ji",turn cpm ultimate motive lose another master cok shot none ji,negative,hate
tweets_syed_zakir_1947,"Rouse welcome to Rahul Gandhi.
Hope this time vote margin will cross 
6 lakhs +
#BharatJodoYatra https://t.co/shbLPRNfzw",rouse welcome rahul gandhi hope time vote margin cross 6 lakh,positive,
tweets_SheikhZaheed,I support #BharatJodoYatra #rahulgandhi,support,positive,
tweets_INCAssam,"It's not just a physical walk..
It's an act of patriotism...
#BharatJodoYatra https://t.co/116a8HcLPd",not physical walk act patriotism,positive,
tweets_GaddalaNaveen1,"Today‚Äôs Video by Sanghi‚Äôs show one thing clear ‚Ä¶ after T- Shirt, Priest, Now Freedom fighters insult ..
Sanghi‚Äôs you were never part of Freedom Struggle how crocodiles tears? 
Nikkar got fire üî• 
#BharatJodoYatra https://t.co/ysS7HedKKg",today video sanghis show thing clear shirt priest freedom fighter insult sanghis never part freedom struggle crocodile tear nikkar get fire,negative,hate
tweets_firstpost,"The CPM hit out at the #Congress for spending 18 days in #Kerala and 'only two' in Uttar Pradesh during the #BharatJodoYatra. #RahulGandhi will spend 21 days in #Karnataka and #Rajasthan, which have elections next year, but will skip poll-bound #Gujarat
https://t.co/kv9XX1v6te",cpm hit spend 18 day two uttar pradesh spend 21 day election next year skip pollbound,positive,
tweets_pitchaijohn1961,"@BJP4India
Shame on BJP.
This is the respect Sanghis give to women.
If this is the situation for an ex-MP then what about common people.

These Sanghis give lecture about Rahul's Yatra.

Sanghis don't have any right to comment on Rahul.
#BharatJodoYatra
https://t.co/5imtnaiWZU",shame bjp respect sanghis give woman situation exmp common people sanghis give lecture rahuls yatra sanghis dont right comment rahul,negative,hate
tweets_soumodiptoroyy,Silly Soul @smritiirani #BharatJodoYatra https://t.co/9zLzkJ3p3H,silly soul,negative,hate
tweets_ShreyasiINC,"We rise, we walk, we fight for an India free from back breaking price rise, record high unemployment, hate crimes, gender inequality. 

If your vision for India is the same, come join us at the #BharatJodoYatra https://t.co/y95LwYZILu",rise walk fight india free back break price rise record high unemployment hate crime gender inequality vision india come join u,positive,
tweets_m_sivasainika,"No words ü§ê‚ô•Ô∏è
Just love for rahul gandhi #rahulgandhi
#BharatJodoYatra getting huge success...... https://t.co/OXp2C2342g",word love rahul gandhi get huge success,positive,
tweets_saboopankaj3,"@marathikedar @Ayush_Shah_25 Hope congress takes the decision on Rahul asap.Once he becomes President officially, it's cake walk for BJP. Once this #BharatJodoYatra  comes to its conclusion it will clear the remaining doubts in many confused people who are leaning little right side but confused due to chaos",hope congress take decision rahul asaponce become president officially cake walk bjp come conclusion clear remain doubt many confused people lean little right side confuse due chaos,positive,
tweets_rravid_rravid,"#BharatJodoYatra 
Built a great love and affection among the people of India
The Great work of @RahulGandhi your
March ahead
Forward more steps
Indians felt the real feel of BHARAT JODO to 
UNITE INDIA 
SAVE INDIA https://t.co/hARUGVLpeh",build great love affection among people india great work march ahead forward step indian felt real feel bharat jodo unite india save india,positive,
tweets_INCMinorityBR,"Congress #BharatJodoYatra is about inflation and unemployment 
- @ShayarImran https://t.co/eje6Kn6wHS",congress inflation unemployment,positive,
tweets_PraveenDutta,Salute the emotion called #BharatJodoYatra https://t.co/Oj0UhkzIMa,salute emotion call,positive,
tweets_Hillalahmed5,"Good morning Bharat, Spreading smiles!

#BharatJodoYatra https://t.co/5xMXMeagI4",good morning bharat spreading smile,positive,
tweets_soumodiptoroyy,"Rahul Gandhi is writing the correct history which will go down Centuries, That How Gandhi saved India twice.

1947 and 2024.
#BharatJodoYatra https://t.co/rKSiXDGyk5",rahul gandhi write correct history go century gandhi save india twice 1947 2024,positive,
tweets_RatulKalitaINC,"It's not just a physical walk, it's an act of relentless pursuit, it's an act of patriotism.
#BharatJodoYatra https://t.co/K7peXitcpF",not physical walk act relentless pursuit act patriotism,positive,
tweets_SanghviMahaveer,@Sahil_hindustan @DevaDjm @ShashiTharoor @RahulGandhi Same here have registered for yatra yet to receive a call for confirmation ie district to district Mysore yatra  ..bheed bahot hai I will be lost in that as I am a small supporter of   @INCIndia but still want to join it to support RG for #BharatJodoYatra,register yatra yet receive call confirmation ie district district mysore yatra bheed bahot hai lose small supporter still want join support rg,positive,
tweets_kkhushal9,"They are looking at nothing unlike the ambitious you know who. If the country understands the message of #BharatJodoYatra, it is enough n actions will speak be it Gujarat or 2024. https://t.co/XhPBNOtPv7",look nothing unlike ambitious know country understand message enough n action speak gujarat 2024,positive,
tweets_ANSHUBAJPAI1,"@INCIndia United Progressive Alliance will clean sweep by winning all 69 parliament seats in 2024 election headed  by Indian National  Congress leadership.
#BharatJodoYatra üáÆüá≥",united progressive alliance clean sweep win 69 parliament seat 2024 election head indian national congress leadership,positive,
tweets_weiselaqua,"Left party #CPI(M) furious over #RahulGandhi's #BharatJodoYatra, which predominantly covers #Kerala. https://t.co/ZKWqhSalt9",leave party furious predominantly cover,negative,hate
tweets_Gothicself,You never make deals with the devil.  RSS is the devil.  It has to be exocised. Burn a khaki nikkar and you will smell sulfur. Go on try it.oh BTW  #BharatJodoYatra is about connecting people not RSS,never make deal devil r devil exocised burn khaki nikkar smell sulfur go try itoh btw connect people not rss,negative,hate
tweets_INCWillReturn,"BJP is a virus &amp; #BharatJodoYatra  is becoming its vaccine 

 https://t.co/ntVCT8giu5",bjp virus become vaccine,negative,hate
tweets_nizam_jamadar,"Day 7
We start another day of the historic #BharatJodoYatra to forge ahead in our endeavor for a brighter India 

@INCIndia @INC_Chikkodi @BharatJodoFor24 @RahulGandhi @siddaramaiah @DKShivakumar @HariprasadBK2 @LaljiDesaiG @JarkiholiSatish @junaidpk133 @youngbrigadeKar https://t.co/pAXXkyTiRm",day 7 start another day historic forge ahead endeavor brighter india,positive,
tweets_tweetabhis_s,It's funny that an academician like Shashi Tharoor believes in Rahul Gandhi's #bharatjodoyatra. To participate is even funnier.,funny academician like shashi tharoor believe rahul gandhi participate even funny,negative,hate
tweets_DrAdarsh_C_Ravi,@INCIndia @RahulGandhi happy tat ur talkng abt love nd brotherhood more... Considerng u as a bro i invite u to attend My RSS Shaka durng ur #BharatJodoYatra. Just visitng shaka wont make u a sanghi but u will get more knowledge abt d ideology nd methodlgy ur fightng against.  With love ‚ù§Ô∏è,happy tat ur talkng abt love nd brotherhood considerng u bro invite u attend r shaka durng ur visitng shaka wont make u sanghi u get knowledge abt ideology nd methodlgy ur fightng love,positive,
tweets_KonJirjoINC,"#BharatJodoYatra of @INCIndia under the leadership of Shri @RahulGandhi is an act of Patriotism, uniting &amp; glorifying the union of people of India, envisioning and installing hope &amp; trust in the minds of every Indians. Listen to the voices of the experiences of the Yatris. https://t.co/ccMie9GSdv",leadership shri act patriotism unite glorify union people india envision instal hope trust mind every indian listen voice experience yatris,positive,
tweets_AbidAsad,#BharatJodoYatra become seen as Mass Political Mobilization against Dictator Modi https://t.co/xE77GN9psb,become see mass political mobilization dictator modi,negative,anti-national
tweets_Faiz_INC,"Why #GodiMedia, BJP, RSS and their allies are so worried and trolling @RahulGandhi for his decision to participate in #BharatJodoYatra if they believe such act could be a suicide attempt for @INCIndia and Opposition parties who are fearless with ED and believe in Constitution?",bjp r ally worry troll decision participate believe act could suicide attempt opposition party fearless ed believe constitution,positive,
tweets_s_srivathsava,@AshokChandnaINC Rahul Gandhi should first focus on congress jodo yatra rather than #BharatJodoYatra,rahul gandhi first focus congress jodo yatra rather,negative,critisism
tweets_rounak_surolia,"Congratulations! The world is now reporting India as a land of hatred, just bcoz of the BJP-RSS regime's hooligans.
#BharatJodoYatra 
#‡§≠‡§æ‡§∞‡§§_‡§ú‡•ã‡§°‡§º‡•ã_‡§Ø‡§æ‡§§‡•ç‡§∞‡§æ https://t.co/iIa0GUzJOc",congratulation world report india land hatred bcoz bjprss regime hooligan,negative,hate
tweets_SufanRahman,"How is RSS and BJP the whole India.
When sum1 say anything abt RSS n BJP how it is anti national.
In politics 1 party downgrades othrs but don't relate it to the whole nation dignity or unity

RSS is not India

#BharatJodoYatra 
#TuesdayMotivaton 
#RSS‡§Æ‡§®‡•Å‡§µ‡§æ‡§¶‡•Ä_‡§≠‡§æ‡§ú‡§™‡§æ_‡§π‡§ü‡§æ‡§ì_‡§¶‡•á‡§∂_‡§¨‡§ö‡§æ‡§ì",r bjp whole india sum1 say anything abt r n bjp anti national politics 1 party downgrade othrs dont relate whole nation dignity unity rss not india,positive,
tweets_LavanyaBallal,"The #BharatJodoYatra is at Attingal.
1st indian riot against British, Attingal Outbreak Angengo revolt in 1721 started from keezhattingal. Elappuram the out skirt of keezhattingal is the exact place native revolt started against British with the silent support of Rani of Attingal",attingal 1st indian riot british attingal outbreak angengo revolt 1721 start keezhattingal elappuram skirt keezhattingal exact place native revolt start british silent support rani attingal,positive,
tweets_GujSagar,"@PanickarS Here comes sanghi PK giving lecture to 136 yrs old party.
üòäüòäüòäüòä
#BharatJodoYatra 2022.",come sanghi pk give lecture 136 yr old party 2022,negative,hate
tweets_archimags,"Hello @Twitter @TwitterIndia @TwitterSupport @paraga

Why doesn't the Bharat Jodo Yatra hashtag show up? The same thing was happening during the farmers protest. Why?

Is it ur system or is it the GoI inside man? ü§®

#BharatJodoYatra 

@INCIndia @Jairam_Ramesh https://t.co/TWI1fdqq65",hello doesnt bharat jodo yatra hashtag show thing happen farmer protest ur system goi inside man,positive,
tweets_liberal_mulla,"BJPigs can't hide behind their propaganda anymore. The sellout godi media can also not save their asses any longer.

The truth is out. We the People would not let this vile nexus of BJP and godi media fool us.

#‡§®‡§ø‡§ï‡•ç‡§ï‡§∞_‡§®‡§π‡•Ä‡§Ç_‡§Æ‡§π‡§Ç‡§ó‡§æ‡§à_‡§Æ‡•Å‡§¶‡•ç‡§¶‡§æ_‡§π‡•à

#BharatJodoYatra",bjpigs cant hide behind propaganda anymore sellout godi medium also not save ass long truth people would not let vile nexus bjp godi medium fool u,negative,critisism
tweets_arjundsage1,Time to burn hatred and spread love #BharatJodoYatra https://t.co/cHjakBMxZq,time burn hatred spread love,positive,
tweets_politic002,"Fire in the RSS camp
#BharatJodoYatra is a great success
Register
https://t.co/7IcpAGawvQ https://t.co/5sAU6wqvQr",fire r camp great success register,negative,hate
tweets_ANSHUBAJPAI1,"@INCIndia Great leader. So humble. it's not politics. It's his humility.
God bless you Rahul As Loves the cheerful giver and you are one of them once again my Prayers is with your once again God bless you with His everlasting Love.
The great leader of India
#BharatJodoYatra",great leader humble not politics humility god bless rahul love cheerful giver prayer god bless everlasting love great leader india,positive,
tweets_NooruddinSonu,"Bharat Jodo Yatra continues even in the rain. Rahul ji has the love and affection that does not even count the rain. People, leaders, activists and fans follow the public leader. 
#BharatJodoYatra https://t.co/sagrvj9LjM",bharat jodo yatra continue even rain rahul ji love affection not even count rain people leader activist fan follow public leader,positive,
tweets_nrynshny,"Modiji can lift moods of his peoples. 

But he can‚Äôt lift GDP of the countrys and employment of young peoples. 

I am angry. 

#BharatJodoYatra",modiji lift mood people cant lift gdp countrys employment young people angry,negative,critisism
tweets_PatrioticChip,@_pallavighosh Ambani channel working against #BharatJodoYatra,ambani channel work,negative,critisism
tweets_GujSagar,"@PanickarS üòäüòäüòäüòä
Poor you! Couldnt grasp the message? Congress is only depicting the status of khaki in which its found today due to #BharatJodoYatra.
Why are u so worried if you find traitor's khaki emiting smoke? Should India garland the murderers of Gandhiji? Kept ppl away from INA?",poor couldnt grasp message congress depict status khaki find today due u worried find traitor khaki emit smoke india garland murderer gandhiji keep ppl away ina,negative,critisism
tweets_pitchaijohn1961,"@BJP4India Rahul's priority is very clear. 
Defeat the communal force BJP. 
Defeat the dictator Modi.
Save India from destruction. 
Help indians to regain their pride. 

Rahul's priority is very clear.
Win in 2024 and bring back people's rule. 

#BharatJodoYatra https://t.co/KhlgRShYa3",rahuls priority clear defeat communal force bjp defeat dictator modi save india destruction help indian regain pride rahuls priority clear win 2024 bring back people rule,negative,hate
tweets_RiyazHabib,"@jothims @RahulGandhi Every step of yours in #BharatJodoYatra is increasing the nervousness in BJP camp.

Great going !!!",every step increase nervousness bjp camp great go,positive,
tweets_ashoswai,"For the last 8yrs, India has been polarised based on religion. Rahul Gandhi's #BharatJodoYatra restarts a mass political mobilization against majoritarianism &amp; focuses on the values &amp; importance of secularism &amp; democracy. #MyPiece #RightIsWrong https://t.co/LgimFWXhDs",last 8yrs india polarise base religion rahul gandhi restart mass political mobilization majoritarianism focus value importance secularism democracy,positive,
tweets_SevadalBUD,"Determined to unite the country, where have Gandhi's voters conceded defeat!

India will unite the country with Jojo Yatra, Gandhi's views will bring change.

#BharatJodoYatra",determine unite country gandhi voter concede defeat india unite country jojo yatra gandhis view bring change,positive,
tweets_sumonseng,"Why is an unregistered social service organisation &amp; it's political wing BJP so worried about #BharatJodoYatra ?
https://t.co/PnSa7zJDcP",unregistered social service organisation political wing bjp worry,positive,
tweets_Pranay7even,"Leader who represents every Indian 

Not like the one who represents few and works for few

#BharatJodoYatra https://t.co/v3il4wLS1q",leader represent every indian not like represent work,negative,critisism
tweets_laboni276,Its time to hear the nation‚Äôs #MannKiBaat.Join the spirit of #BharatJodoYatra and speak up against all the injustice and abuses of this apathetic government https://t.co/JV8s1i0FLC,time hear nation spirit speak injustice abuse apathetic government,positive,
tweets__Priyankaprdy,"@smritiirani Cylinderala Auntie thinks she is acting in Ekta Kapoor's cheap shows.
How one speaks reflect alot about the person. Better Auntie ji not to speak ,every time you speak it shows your upbringing.

#BharatJodoYatra https://t.co/LjhrqZ6PtQ",cylinderala auntie think act ekta kapoors cheap show speaks reflect alot person well auntie ji not speak every time speak show upbringing,negative,hate
tweets_RiyazHabib,"@MukandRita RG is the Only one in India, BJP is scarred of. All other leaders are state specific.
Arvind Kejriwal is having same ideology and not a real opponent and also AAP is in few states only.
Don‚Äôt you see the nervousness in bjp camp after #BharatJodoYatra",rg india bjp scar leader state specific arvind kejriwal ideology not real opponent also aap state dont see nervousness bjp camp,positive,
tweets_pallavict,"@tavleen_singh #BharatJodoYatra has not unnerved them; it‚Äôs Congis twitter handle posts that‚Äôs enraged them

RaGa has been a serial offender in abusing RSS &amp; has even APOLOGISED in courts

He‚Äôs meeting h@te mongers like PastorPonnaiah &amp; trying to spread #KeroseneToolkit? https://t.co/EyW2sWQN96",not unnerved congis twitter handle post thats enrage raga serial offender abuse r even apologise court meet h monger like pastorponnaiah try spread,negative,hate
tweets_sumonseng,"Wondering who is watching @RahulGandhi 's #BharatJodoYatra ?
It's #SambitPatra , @amitmalviya &amp; the infamous BJP IT Cell https://t.co/NrEuI4RXvC",wonder watch infamous bjp cell,negative,hate
tweets_DrVW30,I can see people who were not staunch congress supporters also posting in favour of #BharatJodoYatra and defending Rahul Gandhi‚Äôs efforts. Hoping for the successful completion of this yatra against all odds ü§òüôèüèΩ,see people not staunch congress supporter also post favour defend rahul gandhi effort hop successful completion yatra odds,positive,
tweets_Trendsetting123,"@VijaysMusings @XSingam @SalmanSoz @narendramodi @smritiirani @RahulGandhi @FreedaNicholas @RaniPadmaK @NitishKumar @yadavakhilesh @INCTharoorian @SujataIndia1st @ShashiTharoor @Elixir17965439 @anushakunmittal @WeThePeople3009 @cloudnikki @aayeff1 But who is Smriti Irani to decide why Did Rahul Ji not visit Swami Vivekanand's Statue 

Thank God her husband's restaurant #SillySouls Is shut pending investigation,if not she is most capable to have then said why did the #BharatJodoYatra
Not go to the restaurant for meals https://t.co/nZwMx7zZjA",smriti irani decide rahul ji not visit swami vivekanands statue thank god husband restaurant shut pending investigationif not capable say not go restaurant meal,negative,hate
tweets_DJSingh85016049,"Only #BharatJodoYatra can make India Vishawguru. 
Get united against fascist forces and the title of Vishawguru is yours.",make india vishawguru get united fascist force title vishawguru,positive,
tweets_Vignesh_TMV,"Love and support for Rahul Gandhi from Kerala.

#BharatJodoYatra https://t.co/nne8WNTCSM",love support rahul gandhi kerala,positive,
tweets_geetv79,"What gives Modi's minions the nerve to #LieLikeModi in public? 

Answerüëá
Lapdog media that amplifies their lies and never exposes/shames them. 

Expect daily #ModiLies for the next 144 days of the 3750 kms of Congress #BharatJodoYatra.

#TodoNahiJodo 
#MileKadamJudeWatan https://t.co/6fbnavBZ14",give modis minion nerve public answer lapdog medium amplifies lie never exposesshames expect daily next 144 day 3750 km congress,negative,hate
tweets_RajKuma47739261,BJP is miffed with #BharatJodoYatra  as it's anathema to their Bharat Todo agenda,bjp miff anathema bharat todo agenda,negative,hate
tweets_Pranay7even,"@RamMohanINC Bringing every child of Bharat Matha together‚Ä¶

#BharatJodoYatra",bring every child bharat matha together,positive,
tweets_ANSHUBAJPAI1,"@INCHimachal @RahulGandhi Model of peace and harmony with development 
#BharatJodoYatra üáÆüá≥ https://t.co/hB30zV67bl",model peace harmony development,positive,
tweets_thispacino,"A Country which is the union of 28 States, 8 UTs, 7 Religions, 100s of Tribes, 22 Languages and innumerable Cultures will take more than a life to be Understood!
#BharatJodoYatra https://t.co/HRP2HBQlWu",country union 28 state 8 ut 7 religion 100 tribe 22 language innumerable culture take life understood,positive,
tweets_SevadalGA,"The Warriors  of the @CongressSevadal starting a new day with the traditional flag hoisting,

 Starting a new journey with the same enthusiasm, same spirit

 #BharatJodoYatra https://t.co/eQMCZQhpUo",warrior start new day traditional flag hoist start new journey enthusiasm spirit,positive,
tweets_DeccanHerald,"#DHSpeakOut | 

#Congress #RSS #BJP #BharatJodoYatra #SambitPatra

Read more: https://t.co/Vjc9c9dx4C https://t.co/hnO2U5djx3",read,positive,
tweets_judedavid21,"India in SAFE HANDS !???
@rahulkanwal @MrsGandhi 
Time to join #BharatJodoYatra ? https://t.co/fdQLVtOMKZ",india safe hand time join,positive,
tweets_SurrbhiM,"#BharatJodoYatra is not a simple physical walk , it's an act of self sacrifice and patriotism üáÆüá≥üáÆüá≥ https://t.co/4vmT2GKeNb",not simple physical walk act self sacrifice patriotism,positive,
tweets_INCObaid,"#BharatJodoYatra has brought ""Manhgai and Berojgari"" at the centre stage of the discussion.

BJP and it's supporters are trying hard to communalise the discussion again.

Nation will not engage itself in any communal discussion, for them ""Rozi, Roti and Shanti"" are important. https://t.co/ssMpse85qJ",bring manhgai berojgari centre stage discussion bjp supporter try hard communalise discussion nation not engage communal discussion rozi roti shanti important,positive,
tweets_freuslip,"Inspired by #BharatJodoYatra, Modi ji has decided to walk 56 steps a day to keep his Fitbit active.",inspire modi ji decide walk 56 step day keep fitbit active,negative,hate
tweets_Puneetvizh,"@TweetInder @SamHarris2429 @shuchitasrivast @JoeSaldanha @Trendsetting123 @SethLalits @Ajaykumar00009 @KJSingh12518759 @ronaldrajanna @priyankagandhi @fredhamilton @LambaAlka @RahulGandhi @pathan_neamath @SaddamSamsadINC @geetv79 @kukk44 @SujataIndia1st @psmanwatkar @priyapyadav18 @watdehel @PadmraniK @rkmarar9 @WeThePeople3009 @shubhshaurya1 @inbred_mind @Subytweets @ranjona @Malz59408224 @mrsinghCricUmp @Aakar__Patel @silvestercliff @terence_fdes @tjose66 @RaniPadmaK @09mitali @aniljames65_inc @nandtara @Alwynmoras4870 @75 @PriyaaReturnz @ManojMehtamm @BN34772728 @priyankac19 @Pawankhera @kap_bee @AliyaAbbas @NayakRagini What the #BharatJodoYatra Is, Isn't and Should Be.What is needed is not a refix (Jodo) with the old but a complete reconstruction of India (Punarnirman) to mount a challenge to the political, ideological and organisational might of the BJP.  https://t.co/TDyvzynFpU",isnt bewhat need not refix jodo old complete reconstruction india punarnirman mount challenge political ideological organisational might bjp,positive,
tweets_Hillalahmed5,"Humility requires courage and the name Gandhi is known for both.

#BharatJodoYatra https://t.co/gBgfFzNBf0",humility require courage name gandhi know,positive,
tweets_archansr,"@ShashiTharoor @kunalkamra88 @virdas @munawar0018 This been norm in PM Modi‚Äôs NewIndia. 

@RahulGandhi @INCIndia from day1 fighting this autocratic regressive communal fascist Modi Regime. Awful that, these kinds will never stand with RG/INC, Instead literally act as enablers, if not dare these join historic #BharatJodoYatraüáÆüá≥ https://t.co/sjfBiVJVw0",norm pm modis newindia day1 fight autocratic regressive communal fascist modi regime awful kind never stand rginc instead literally act enablers not dare join historic,negative,hate
tweets_StayingReal0511,"The Bharat Yatris are in high spirits as they embark on their 7th day of Padayatra from Thiruvananthapuram,on a mission to defeat the politics of #hate &amp; foster unity &amp; brotherhood
#BharatJodoYatra https://t.co/iIDAtOTGVp",bharat yatris high spirit embark 7th day padayatra thiruvananthapuramon mission defeat politics foster unity brotherhood,positive,
tweets_SASIKANTSINGH10,"Shri @RahulGandhi Ji with Shri @LaljiDesaiG Ji and warriors of @CongressSevadal who are walking together in the Bharat Jodo Yatra.

 #BharatJodoYatra üáÆüá≥ 
#BharatJodoYatraüôè https://t.co/dn60nZH8Rg",shri ji shri ji warrior walk together bharat jodo yatra,positive,
tweets_ayu_shri,Opposition parties can't even choose their leader in the Lok sabha and they are shouting for #BharatJodoYatra ... are pehle khud to Jod jao ü§£. @RahulGandhi @ArvindKejriwal #LOL @TheSicario5 @NathMeghali @TDasKumar @AnkitaD39927893 @pari_Saikia1 @Misty_Kaushik @BJP4India https://t.co/rICSiZ020N,opposition party cant even choose leader lok sabha shout pehle khud jod jao,negative,hate
tweets_aanand_UP16,"The bond of Arvind Kejriwal and auto driver script is as strong as NDTV and fake news.
#KejriwalRukegaNahi #BharatJodoYatra",bond arvind kejriwal auto driver script strong ndtv fake news,negative,hate
tweets_Kushwaha72,"@RahulGandhi is the leader of the world. The world eyes are on his #BharatJodoYatra. Everyone is surprised seeing love from all age people for him, just as #Mahatma_Gandhi ji #Nehru ji. #RahulGandhi can lead the world like #Rajiv_Gandhi ji and Grandmother #Indira_Gandhi ji.",leader world world eye everyone surprise see love age people ji ji lead world like ji grandmother ji,positive,
tweets_tanishq_deo,@ApoCurious @RahulGandhi @priyankagandhi @INCIndia @SachinPilot @Jairam_Ramesh Not the other person is wrong bjp is wrong because the way they are spreading the hatered that is destroying the integrity of our nation . People gave their mandate to develop not to destroy india #BharatJodoYatra,not person wrong bjp wrong way spread hatered destroy integrity nation people give mandate develop not destroy india,negative,hate
tweets_QlnNews,hraja latest angry speech #shorts #hraja #bjp #bjphraja #hrajalatestspeech #BharatJodoYatra  #RahulGandhiTShirt @HRajaBJP @QlnNews https://t.co/BkI65GyC1M,hraja late angry speech,positive,
tweets_INC_Television,"Kerala does not allow for itself to be divided,

Kerala does not allow for hate to be spread.

The #BharatJodoYatra is just an extension of the ideas that prevail in Kerala https://t.co/spCsBQDMBl",kerala not allow divide kerala not allow hate spread extension idea prevail kerala,positive,
tweets_Francis_INC_,"The enthusiasm of all the Padyatris &amp; the people of Kerala has been exceptional. 
Early morning scenes from Thiruvananthapuram.
#BharatJodoYatra üáÆüá≥
Jai Hind Jai Congress üáÆüá≥
@RahulGandhi @LaljiDesaiG https://t.co/AazyJsJQup",enthusiasm padyatris people kerala exceptional early morning scene thiruvananthapuram jai hind jai congress,positive,
tweets_SevadalKL,"What is the significance of Bharat Jodo Yatra? Why should Congress come back? Renowned director Mr. Adoor Gopalakrishnan, who participated in the trip, says. #BharatJodoYatra https://t.co/Q01QQbAseB",significance bharat jodo yatra congress come back renowned director mr adoor gopalakrishnan participate trip say,negative,hate
tweets__bjp4abhishek_,"On the other hand Raga himself meets and greets infamous pastors known for abusing Hindutva and Indian nationalism..

Great work !! India needs no further proof of Congress Party's intentions and sincerity towards the nation. üôÇ

#BharatJodoYatra",hand raga meet greet infamous pastor know abuse hindutva indian nationalism great work india need proof congress partys intention sincerity towards nation,negative,hate
tweets_amarpatil07,"@BJP4India why you people are so upset with #BharatJodoYatra ? focus on development, high inflation, unemployment .
‡§ö‡§∞‡§Æ ‡§∏‡•Ä‡§Æ‡§æ ‡§™‡§∞ ‡§π‡•à ‡§¨‡•á‡§∞‡•ã‡§ú‡§ó‡§æ‡§∞‡•Ä ‡§î‡§∞ ‡§Æ‡§π‡§Ç‡§ó‡§æ‡§à",people upset focus development high inflation unemployment,positive,
tweets_isarifulmallick,"Communist Party of India (Marxist) criticises Congress' 'Bharat Jodo Yatra', says spending 18 days in Left-ruled Kerala and just two in BJP-ruled Uttar Pradesh is a ""strange way to fight BJP-RSS""

#BharatJodoYatra 
(PTI) https://t.co/Bz0sr1jxGZ",communist party india marxist criticises congress bharat jodo yatra say spending 18 day leftruled kerala two bjpruled uttar pradesh strange way fight bjprss pti,negative,hate
tweets_NageshraoH,"@vijaythottathil @chennai123 18 days in Kerala and 2 days in UP - CPI(M)

CPI(M) too could have use of these 18 days to rid India of hate and divisiveness by joining #BharatJodoYatra instead of complaining.
Or is it that agenda of CPI(M) and BJP is the same?
CPI(M) has a lot of explaining to do!",18 day kerala 2 day cpim cpim could use 18 day rid india hate divisiveness join instead complain agenda cpim bjp cpim lot explain,negative,critisism
tweets_munsifdigital,"Rahul Gandhi will interacts with rural labourers, leaders of Communist Marxist Party (CMP) and representatives of anti K-Rail agitation committee.

#MunsifDigital
#Congress
#BharatJodoYatra
#RahulGandhi
#HugeTurnout https://t.co/iYS0w9lcxS",rahul gandhi interact rural labourer leader communist marxist party cmp representative anti krail agitation committee,negative,hate
tweets_GujSagar,"@GauravPandhi @GHANSHYAMJANJI4 @RahulGandhi @priyankagandhi Take her to padyatra incharge. She deserves the amenities that other yatris are availing.
#BharatJodoYatra 2022.
Every Indian is participant (except sanghis).",take padyatra incharge deserve amenity yatris avail 2022 every indian participant except sanghis,negative,hate
tweets_KjdSingh,"Now its revealed, #BharatJodoYatra is nothing but a PR exercise to project #RahulGandhi all this talk of uniting the nation and unity is a side issue, taking on #BJP or #NarendraModi's hate politics not even on the radar  main agenda is owl gandi's image

https://t.co/ZiFrazE35g",reveal nothing pr exercise project talk unite nation unity side issue take hate politics not even radar main agenda owl gandis image,negative,hate
tweets_KaurageousDils,"The decline of Cong started way back in 2014
RaGa does not have it in him to lead a major national party but his mother in her putra-moh is unwilling to allow the Cong to be taken over by someone capable
#BharatJodoYatra is just another attempt to relaunch the inefficient 'Dud'",decline cong start way back 2014 raga not lead major national party mother putramoh unwilling allow cong take someone capable another attempt relaunch inefficient dud,negative,hate
tweets_affy1901,"After this, BJP and its apes sena trolls: #BharatJodoYatra is #jihadi #antinational #antiHindu https://t.co/a77RDF2ogp",bjp ape sena troll,negative,hate
tweets_papu_patwari,"come join hands together for a better india its all about indians 
Lets walk together to spread love 
n save democarsy of india 
#BharatJodoYatra https://t.co/lHOpV4PXDB",come join hand together good india indian let walk together spread love n save democarsy india,positive,
tweets_Rahulgu09736439,"@Jairam_Ramesh I capture all the moment f rahulgandhi &amp; inc in my utube channel please share &amp; spread all the video of rg bcz godi media is no more &amp; thy r not covering #BharatJodoYatra request all cong. worker support me utube&amp; tweeter spread kindness of rahul ji #Share
https://t.co/ArEQMXicXR",capture moment f rahulgandhi inc utube channel please share spread video rg bcz godi medium thy r not cover request cong worker support utubetweeter spread kindness rahul ji,negative,critisism
tweets_Faiz_INC,"Corruption is on its Peak wherever BJP or its allies are in power.

#BharatJodoYatra https://t.co/FSphZiwdR5",corruption peak wherever bjp ally power,negative,critisism
tweets_JanakiMenon5,"There is no better movie than Sandhesham which had aptly captured the dramatic stunts performed by our politicians to fool the public. 

#BharatJodoYatra https://t.co/YYmM9X3vdg",well movie sandhesham aptly capture dramatic stunt perform politician fool public,negative,hate
tweets_AnimeshUpadhay5,"many people say many things about him . some say papu some say etc. If papu is this then india need this type of papu.
#BharatJodoYatra https://t.co/CtQtqOKn3v",many people say many thing say papu say etc papu india need type papu,positive,
tweets_MadhupGarg,"By opposing #BharatJodoYatra on flimsy, false and diversionary issues, @BJP4India is helping @INCIndia gain lost ground. People are coming back because they are loving the new energy. 
BJP should stop playing dirty games and respond to people's issues.",oppose flimsy false diversionary issue help gain lose ground people come back love new energy bjp stop play dirty game respond people issue,negative,critisism
tweets_SanskariStree,@RagaTimes Also I do t think it‚Äôs all just innocent. Certainly the response to #BharatJodoYatra has been triggering for Sanghis and this is venting of a form. Probably part of a concerted effort.,also think innocent certainly response trigger sanghis vent form probably part concert effort,negative,hate
tweets_FeedmileApp,"Do you believe that the ""Bharat Jodo Yatra"" would help Congress regain its footing?
#feedmile #BharatJodoYatra #Congress #bharatjodoyatrakerala #CongressParty",believe bharat jodo yatra would help congress regain foot,positive,
tweets_ajayacharya,"There were @RahulGandhi chamchas at #BharatJodoYatra with T-Shirts saying ""Walking for a job"".
They must know that getting a job under @narendramodi govt is like a walk in the park. https://t.co/NFimGufZCR",chamchas tshirts say walk job must know get job govt like walk park,negative,hate
tweets_thewire_in,"The march will allow the Congress to assert its political and social plank, but will it be enough to challenge the Modi dispensation and structurally weaken the fascist tendencies of the BJP-led government? | Shivasundar
#BharatJodoYatra
https://t.co/rP0yAdVuAh",march allow congress assert political social plank enough challenge modi dispensation structurally weaken fascist tendency bjpled government shivasundar,positive,
tweets_TimesNow,"Siddaramaiah Missing From Poster: What Is Fishy About Karnataka Leg Of Cong's Bharat Jodo Campaign?

#TNDIGITALVIDEOS #BharatJodoYatra   #Siddaramaiah https://t.co/wQHauIshoJ",siddaramaiah miss poster fishy karnataka leg congs bharat jodo campaign,positive,
tweets_archimags,"Now that Rahul Gandhi has started the #BharatJodoYatra, people want him to speak about this and that - but how many of these same people are speaking up for Rahul Gandhi or supporting his efforts? ü§®

(btw that hashtag doesn't show up automatically in list of suggested hashtags)",rahul gandhi start people want speak many people speak rahul gandhi support effort btw hashtag doesnt show automatically list suggest hashtags,positive,
tweets_nallarasu,"From the moment BJP started it's onslaught on opposition in the Bhima Koregaon case with the help of Pegasus spyware, valiant CPI and CPM are absconding and still not able to seen in the scene. Strange way of defending democracy!
#BharatJodoYatra https://t.co/j4N3qRFqf4",moment bjp start onslaught opposition bhima koregaon case help pegasus spyware valiant cpi cpm abscond still not able see scene strange way defend democracy,negative,hate
tweets_ANSHUBAJPAI1,"@INCUttarPradesh @RahulGandhi Today during #BharatJodoYatra Shri Rahul Gandhi interacted with influential people in Kerala. The purpose of this yatra is to eradicate hatred from the country, to spread the message of love and brotherhood.
The shared participation of all of you is very important in this goal. https://t.co/k6p8UlpxgF",today shri rahul gandhi interact influential people kerala purpose yatra eradicate hatred country spread message love brotherhood share participation important goal,positive,
tweets_MisalPav99,He will do a #BharatJodoYatra and then immediately go on a foreign vacation. Sab gud-gobar ek baar me.,immediately go foreign vacation sab gudgobar ek baar,negative,critisism
tweets_PrashantPolamp1,"@BJP4India is bringing back its
#EkBharatSreshtaBharat (Vividhata mein ekta) campaign to counter #BharatJodoYatra. It can be clearly seen in all it's social media platforms. https://t.co/DHYxBYlceq",bring back vividhata mein ekta campaign counter clearly see social medium platform,positive,
tweets_DeekshaNRaut,#BharatJodoYatra is important especially for those people who think a pic of burning shorts is more offensive than hate speech of Mr N@rsinghanand.,important especially people think pic burn short offensive hate speech mr n,negative,hate
tweets_DS_Rajasthan,It‚Äôs time to look at these shorts as half empty..not full pants‚Ä¶     #BharatJodoYatra https://t.co/Yca0bbRjWf,time look short half emptynot full pant,positive,
tweets_ArmanNeyazi,"@ReenaAdhikari12 #BharatJodoYatra 
My favourite till date üìÖ https://t.co/Qd2XbSDkzG",favourite till date,positive,
tweets_mahendarsama,"Rising unemployment engulfs the lives of the youths of this nation! 

#BharatJodoYatra, a fight to save the aspirations of the Youths. https://t.co/ebrmrft3Q9",rise unemployment engulfs live youths nation fight save aspiration youth,negative,critisism
tweets_chickukottaram,"""With this padayatra of @RahulGandhi, @INCIndia will be revived. Will come into power, i hoped.
People of India will have a better future. 
I'm 76 years old. Congress means my life. 
That's why I'm participating in this journey.""
#BharatJodoYatra #RaGa #keralamodel #GyanvapiCase https://t.co/GAbX3cS9dH",padayatra revive come power hop people india good future im 76 year old congress mean life thats im participate journey,positive,
tweets_FellowcitizenEs,"Power of Liberty,secularism,freedom, love&amp;affection is more than anything in this World for Human Beings #BharatJodoYatraüáÆüá≥@INCIndia will set right everything and make India to feel her Pride once again. @RahulGandhi on a great mission üî•‚ù§Ô∏è

 https://t.co/kUSV3jgIY6",power libertysecularismfreedom loveampaffection anything world human set right everything make india feel pride great mission,positive,
tweets_Gurda_Kaleja,"Chhota Recharge will be Disast in Gujarat!!  üòíüòí

#BharatJodoYatra",chhota recharge disast gujarat,negative,hate
tweets_gangaram_raju,"Jhoot ki Rani #SmritiIrani who
Lied about her degree,
Lied about #SillySouls cafe bar.
#BharatJodoYatra https://t.co/XJVGg4L7Mc",jhoot ki rani lie degree lie cafe bar,negative,hate
tweets_Thecorruptorr,@Shehzad_Ind @himantabiswa Chowkidar @Shehzad_Ind fresh from the felicitation of the 11 rapists &amp; murderers #JusticeforBilkisBano ex Congress cadres to Join the #BharatJodoYatra,chowkidar fresh felicitation 11 rapist murderer ex congress cadre join,negative,hate
tweets_SevadalBUD,"Today, on 13th September 2022, after the traditional flag hoisting and the national anthem, India Jodo Yatra has moved towards its new stage.

#BharatJodoYatra https://t.co/GmR5NPVEVX",today 13th september 2022 traditional flag hoist national anthem india jodo yatra move towards new stage,positive,
tweets_radheshyamz,Govt of India's most Illiterate IAS cader Doney GM BSNL Aurangabad must be pulled and pushed in such a way by @PMOIndia + @dot_india. Show him to the nation about the illegal works he did along with his Sarkari Gunda punters! Shame on @cmdbsnl @cgm_mh_bsnl #BharatJodoYatra https://t.co/j0XhrFUmsL,govt india illiterate ia cader doney gm bsnl aurangabad must pull pushed way show nation illegal work along sarkari gunda punter shame,negative,hate
tweets_mahendarsama,"In their eyes we see innocence.
In their eyes we see hope.üòé

We will not let that glint fade away because a few have taken the easy path of hate.

India's dreams will shine on üáÆüá≥

#BharatJodoYatra https://t.co/VFne4svwSd",eye see innocence eye see hope not let glint fade away take easy path hate indias dream shine,positive,
tweets_PiyushWakodikr,"With gushing winds comes a crowd gushing with trust and enthusiasm.

#BharatJodoYatra üáÆüá≥ https://t.co/B5pILT0wok",gush wind come crowd gush trust enthusiasm,positive,
tweets_vu2ben,#BharatJodoYatra Chinese are laughing away on Indian media reports quoting Modi Govt that India and China have vacated to either side of LAC. China has withdrawn from Indian land and India has withdrawn from Indian land. China claimsWhat mine in mine and what is your is also mine,chinese laugh away indian medium report quote modi govt india china vacate either side lac china withdrawn indian land india withdrawn indian land china claimswhat mine mine also mine,negative,critisism
tweets_mdabid181,"Nafrat chodo Bharat jodo. 
-----------------------------------------
The moments to be treasured during the
#BharatJodoYatra
#myleaderrahulgandhiji https://t.co/q8BXK3GhL5",nafrat chodo bharat jodo moment treasure,positive,
tweets_NooruddinSonu,"Rahul ji doing wonderful think and trying to unite all the people together.
By doing this padayatra we are able to to meet greet and get their love and affection.
#BharatJodoYatra https://t.co/nf0G5imBYL",rahul ji wonderful think try unite people together padayatra able meet greet get love affection,positive,
tweets_imlnk,@AshokChandnaINC It‚Äôs time to unite not fight with each other. Keep ur differences aside #BharatJodoYatra,time unite not fight keep ur difference aside,positive,
tweets_IamPolSol,"How sick! Congress should keep religion away from cricket. This party has already divided the nation into 3, now doing drama over #BharatJodoYatra

And they say Modi divides India üò† https://t.co/j7Zu5s83rV",sick congress keep religion away cricket party already divide nation 3 drama say modi divide india,negative,hate
tweets_Rajeshkumar490,"Sun Already Set But, We Can Able To See A Ray Of Hope In Dense Darkness üî•üî•üî•
i. e, Shri. @RahulGandhi Ji

#RahulGandhi #BharatJodoYatra https://t.co/QRDM8hEym6",sun already set able see ray hope dense darkness e shri ji,positive,
tweets_imamhulagur,"No drama. No script. No PR.
Just pure love and care @RahulGandhi ‚ù§Ô∏è

#BharatJodoYatra https://t.co/aM8lWmD8jW",drama script pr pure love care,positive,
